id,name,standardcost,listprice,daystomanufacture,productsubcategory_id,sellstartdate,sellenddate,discontinueddate,rowguid,modifieddate
1,Adjustable Race,0,0,0,,2008-04-30 00:00:00.000000,,,694215b7-08f7-4c0d-acb1-d734ba44c0c8,2014-02-08 10:01:36.827000
2,Bearing Ball,0,0,0,,2008-04-30 00:00:00.000000,,,58ae3c20-4f3a-4749-a7d4-d568806cc537,2014-02-08 10:01:36.827000
3,BB Ball Bearing,0,0,1,,2008-04-30 00:00:00.000000,,,9c21aed2-5bfa-4f18-bcb8-f11638dc2e4e,2014-02-08 10:01:36.827000
4,Headset Ball Bearings,0,0,0,,2008-04-30 00:00:00.000000,,,ecfed6cb-51ff-49b5-b06c-7d8ac834db8b,2014-02-08 10:01:36.827000
316,Blade,0,0,1,,2008-04-30 00:00:00.000000,,,e73e9750-603b-4131-89f5-3dd15ed5ff80,2014-02-08 10:01:36.827000
317,LL Crankarm,0,0,0,,2008-04-30 00:00:00.000000,,,3c9d10b7-a6b2-4774-9963-c19dcee72fea,2014-02-08 10:01:36.827000
318,ML Crankarm,0,0,0,,2008-04-30 00:00:00.000000,,,eabb9a92-fa07-4eab-8955-f0517b4a4ca7,2014-02-08 10:01:36.827000
319,HL Crankarm,0,0,0,,2008-04-30 00:00:00.000000,,,7d3fd384-4f29-484b-86fa-4206e276fe58,2014-02-08 10:01:36.827000
320,Chainring Bolts,0,0,0,,2008-04-30 00:00:00.000000,,,7be38e48-b7d6-4486-888e-f53c26735101,2014-02-08 10:01:36.827000
321,Chainring Nut,0,0,0,,2008-04-30 00:00:00.000000,,,3314b1d7-ef69-4431-b6dd-dc75268bd5df,2014-02-08 10:01:36.827000
322,Chainring,0,0,0,,2008-04-30 00:00:00.000000,,,f0ac2c4d-1a1f-4e3c-b4d9-68aea0ec1ce4,2014-02-08 10:01:36.827000
323,Crown Race,0,0,0,,2008-04-30 00:00:00.000000,,,51a32ca6-65a1-4c31-af2b-d9e4f5d631d4,2014-02-08 10:01:36.827000
324,Chain Stays,0,0,1,,2008-04-30 00:00:00.000000,,,fe0678ed-aef2-4c58-a450-8151cc24ddd8,2014-02-08 10:01:36.827000
325,Decal 1,0,0,0,,2008-04-30 00:00:00.000000,,,05ce123c-a402-478e-ae9b-75d7727aeaad,2014-02-08 10:01:36.827000
326,Decal 2,0,0,0,,2008-04-30 00:00:00.000000,,,a56851f9-1cd7-4e2f-8779-2e773e1b5209,2014-02-08 10:01:36.827000
327,Down Tube,0,0,1,,2008-04-30 00:00:00.000000,,,1dad47dd-e259-42b8-b8b4-15a0b7d21b2f,2014-02-08 10:01:36.827000
328,Mountain End Caps,0,0,1,,2008-04-30 00:00:00.000000,,,6070b1ea-59b7-4f8b-950f-2be07d00449d,2014-02-08 10:01:36.827000
329,Road End Caps,0,0,1,,2008-04-30 00:00:00.000000,,,88399d13-719e-4545-81d6-f0650f372fa2,2014-02-08 10:01:36.827000
330,Touring End Caps,0,0,1,,2008-04-30 00:00:00.000000,,,6903ce24-d0ce-4191-9198-4231de37a929,2014-02-08 10:01:36.827000
331,Fork End,0,0,1,,2008-04-30 00:00:00.000000,,,c91d602e-da52-43d2-bd7e-eb110a9392b9,2014-02-08 10:01:36.827000
332,Freewheel,0,0,0,,2008-04-30 00:00:00.000000,,,d864879a-e8b1-4f7b-bafa-1f136089c2c8,2014-02-08 10:01:36.827000
341,Flat Washer 1,0,0,0,,2008-04-30 00:00:00.000000,,,a3f2fa3a-22e1-43d8-a131-a9b89c32d8ea,2014-02-08 10:01:36.827000
342,Flat Washer 6,0,0,0,,2008-04-30 00:00:00.000000,,,331addec-e9b9-4a7e-9324-42069c2dcdc4,2014-02-08 10:01:36.827000
343,Flat Washer 2,0,0,0,,2008-04-30 00:00:00.000000,,,84a3473e-ae26-4a21-81b9-60bb418a79b2,2014-02-08 10:01:36.827000
344,Flat Washer 9,0,0,0,,2008-04-30 00:00:00.000000,,,0ae4ce60-5242-48f5-ada1-3013ff45f969,2014-02-08 10:01:36.827000
345,Flat Washer 4,0,0,0,,2008-04-30 00:00:00.000000,,,2c1c58b4-234c-4b3a-8c8e-84524ac05eea,2014-02-08 10:01:36.827000
346,Flat Washer 3,0,0,0,,2008-04-30 00:00:00.000000,,,590c2c3f-a8b6-42b5-9412-d655e37f0eae,2014-02-08 10:01:36.827000
347,Flat Washer 8,0,0,0,,2008-04-30 00:00:00.000000,,,1b73f5fe-ab85-49fc-99ad-0500cebda91d,2014-02-08 10:01:36.827000
348,Flat Washer 5,0,0,0,,2008-04-30 00:00:00.000000,,,d182cf18-4ddf-429b-a0df-de1cfc92622d,2014-02-08 10:01:36.827000
349,Flat Washer 7,0,0,0,,2008-04-30 00:00:00.000000,,,7e55f64d-ea3c-45ff-be72-f7f7b9d61a79,2014-02-08 10:01:36.827000
350,Fork Crown,0,0,1,,2008-04-30 00:00:00.000000,,,1cbfa85b-5c9b-4b58-9c17-95238215d926,2014-02-08 10:01:36.827000
351,Front Derailleur Cage,0,0,0,,2008-04-30 00:00:00.000000,,,01c901e3-4323-48ed-ab9e-9bfda28bdef6,2014-02-08 10:01:36.827000
352,Front Derailleur Linkage,0,0,0,,2008-04-30 00:00:00.000000,,,88ed2e08-e775-4915-b506-831600b773fd,2014-02-08 10:01:36.827000
355,Guide Pulley,0,0,0,,2008-04-30 00:00:00.000000,,,6a89205b-90c3-4997-8c63-bc6a5ebc752d,2014-02-08 10:01:36.827000
356,LL Grip Tape,0,0,0,,2008-04-30 00:00:00.000000,,,32c82181-1969-4660-ae04-a02d51994ec1,2014-02-08 10:01:36.827000
357,ML Grip Tape,0,0,0,,2008-04-30 00:00:00.000000,,,09343e22-2494-4279-9f32-5d961a0fbfea,2014-02-08 10:01:36.827000
358,HL Grip Tape,0,0,0,,2008-04-30 00:00:00.000000,,,8e5b2bf7-81dd-4454-b75e-d9ae2a6fbd26,2014-02-08 10:01:36.827000
359,Thin-Jam Hex Nut 9,0,0,0,,2008-04-30 00:00:00.000000,,,a63aff3c-4143-4016-bc99-d3f80ec1ade5,2014-02-08 10:01:36.827000
360,Thin-Jam Hex Nut 10,0,0,0,,2008-04-30 00:00:00.000000,,,a1ae0c6d-92a5-4fda-b33b-1301e83efe5b,2014-02-08 10:01:36.827000
361,Thin-Jam Hex Nut 1,0,0,0,,2008-04-30 00:00:00.000000,,,e33e8c4c-282a-4d1f-91e7-e9969cf7134f,2014-02-08 10:01:36.827000
362,Thin-Jam Hex Nut 2,0,0,0,,2008-04-30 00:00:00.000000,,,a992684f-4642-4856-a817-2c0740ae8c55,2014-02-08 10:01:36.827000
363,Thin-Jam Hex Nut 15,0,0,0,,2008-04-30 00:00:00.000000,,,b9d9a30d-cb07-422d-a312-f0535575337e,2014-02-08 10:01:36.827000
364,Thin-Jam Hex Nut 16,0,0,0,,2008-04-30 00:00:00.000000,,,0ec8f653-24c9-41b6-86f5-39c1789db580,2014-02-08 10:01:36.827000
365,Thin-Jam Hex Nut 5,0,0,0,,2008-04-30 00:00:00.000000,,,94506c9d-5991-46a7-82ea-00e05d8d9b9c,2014-02-08 10:01:36.827000
366,Thin-Jam Hex Nut 6,0,0,0,,2008-04-30 00:00:00.000000,,,71e984c6-1d11-4cf2-baee-6c8df494bdad,2014-02-08 10:01:36.827000
367,Thin-Jam Hex Nut 3,0,0,0,,2008-04-30 00:00:00.000000,,,efc09cdb-ecd5-4db5-9e27-277dda6d7f50,2014-02-08 10:01:36.827000
368,Thin-Jam Hex Nut 4,0,0,0,,2008-04-30 00:00:00.000000,,,0a0c93aa-d06c-48aa-99eb-20f2c8a6d6c4,2014-02-08 10:01:36.827000
369,Thin-Jam Hex Nut 13,0,0,0,,2008-04-30 00:00:00.000000,,,a2728648-9517-4dec-8606-d7d98ecd1e91,2014-02-08 10:01:36.827000
370,Thin-Jam Hex Nut 14,0,0,0,,2008-04-30 00:00:00.000000,,,0a7ad37c-3696-4844-8633-9fddcd5fcefc,2014-02-08 10:01:36.827000
371,Thin-Jam Hex Nut 7,0,0,0,,2008-04-30 00:00:00.000000,,,acbb1de1-680c-4034-a8c5-3c6b01e57aa7,2014-02-08 10:01:36.827000
372,Thin-Jam Hex Nut 8,0,0,0,,2008-04-30 00:00:00.000000,,,a0da8f8f-45fb-4e62-ab14-aa229087de1e,2014-02-08 10:01:36.827000
373,Thin-Jam Hex Nut 12,0,0,0,,2008-04-30 00:00:00.000000,,,db99cbcd-f18d-4979-8dcf-1012f3b1cb15,2014-02-08 10:01:36.827000
374,Thin-Jam Hex Nut 11,0,0,0,,2008-04-30 00:00:00.000000,,,ec2e54f5-9d07-4c26-b969-40f835395be3,2014-02-08 10:01:36.827000
375,Hex Nut 5,0,0,0,,2008-04-30 00:00:00.000000,,,f2f3a14c-df15-4957-966d-55e5fcad1161,2014-02-08 10:01:36.827000
376,Hex Nut 6,0,0,0,,2008-04-30 00:00:00.000000,,,e73e44dd-f0b7-45d4-9066-e49f1b1fe7d0,2014-02-08 10:01:36.827000
377,Hex Nut 16,0,0,0,,2008-04-30 00:00:00.000000,,,2b2a5641-bffe-4079-b9f0-8bf355bc3996,2014-02-08 10:01:36.827000
378,Hex Nut 17,0,0,0,,2008-04-30 00:00:00.000000,,,f70bbecd-5be7-4ee9-a9e7-15786e622ba9,2014-02-08 10:01:36.827000
379,Hex Nut 7,0,0,0,,2008-04-30 00:00:00.000000,,,ba3631d1-33d6-4a2f-8413-758bfda6f9c2,2014-02-08 10:01:36.827000
380,Hex Nut 8,0,0,0,,2008-04-30 00:00:00.000000,,,b478b33a-1fd5-4db6-b99a-eb3b2a7c1623,2014-02-08 10:01:36.827000
381,Hex Nut 9,0,0,0,,2008-04-30 00:00:00.000000,,,da46d979-59df-456d-b5ae-e7e89fc589df,2014-02-08 10:01:36.827000
382,Hex Nut 22,0,0,0,,2008-04-30 00:00:00.000000,,,2f457404-197d-4ddf-9868-a3aad1b32d6b,2014-02-08 10:01:36.827000
383,Hex Nut 23,0,0,0,,2008-04-30 00:00:00.000000,,,5f02449e-96e5-4fc8-ade0-8a9a7f533624,2014-02-08 10:01:36.827000
384,Hex Nut 12,0,0,0,,2008-04-30 00:00:00.000000,,,32c97696-7c3d-4793-a54b-3d73200badbc,2014-02-08 10:01:36.827000
385,Hex Nut 13,0,0,0,,2008-04-30 00:00:00.000000,,,8f0902d0-274d-4a4b-8fde-e37f53b2ab29,2014-02-08 10:01:36.827000
386,Hex Nut 1,0,0,0,,2008-04-30 00:00:00.000000,,,57456f8c-cb78-45ec-b9b8-21a9be5c12f5,2014-02-08 10:01:36.827000
387,Hex Nut 10,0,0,0,,2008-04-30 00:00:00.000000,,,955811b4-2f17-48f0-a8b4-0c96cba4aa6d,2014-02-08 10:01:36.827000
388,Hex Nut 11,0,0,0,,2008-04-30 00:00:00.000000,,,7d4bad17-374f-4281-9ae5-49abc3fe585d,2014-02-08 10:01:36.827000
389,Hex Nut 2,0,0,0,,2008-04-30 00:00:00.000000,,,17c4b7ba-8574-4ec7-bd3b-7a51aba61f69,2014-02-08 10:01:36.827000
390,Hex Nut 20,0,0,0,,2008-04-30 00:00:00.000000,,,b4e990b7-b3f7-4f97-8f98-ce373833adb4,2014-02-08 10:01:36.827000
391,Hex Nut 21,0,0,0,,2008-04-30 00:00:00.000000,,,433ee702-e028-4630-895c-8cdbd0f1fd89,2014-02-08 10:01:36.827000
392,Hex Nut 3,0,0,0,,2008-04-30 00:00:00.000000,,,ee76fae0-161e-409c-a6f5-837b5b8b344d,2014-02-08 10:01:36.827000
393,Hex Nut 14,0,0,0,,2008-04-30 00:00:00.000000,,,eb10b88c-5351-4c06-af51-116baa48a2c8,2014-02-08 10:01:36.827000
394,Hex Nut 15,0,0,0,,2008-04-30 00:00:00.000000,,,35e28755-e8f0-47be-a8be-a20836dbe28d,2014-02-08 10:01:36.827000
395,Hex Nut 4,0,0,0,,2008-04-30 00:00:00.000000,,,69ab8d5e-6101-4203-81b1-794e923782ea,2014-02-08 10:01:36.827000
396,Hex Nut 18,0,0,0,,2008-04-30 00:00:00.000000,,,39d42384-66f6-4ccd-b471-0589fc3fc576,2014-02-08 10:01:36.827000
397,Hex Nut 19,0,0,0,,2008-04-30 00:00:00.000000,,,b63f827e-9055-4678-9e90-4ffd8d06d4d4,2014-02-08 10:01:36.827000
398,Handlebar Tube,0,0,1,,2008-04-30 00:00:00.000000,,,9f88c58e-5cfa-46c9-8994-da4f3ffe92ed,2014-02-08 10:01:36.827000
399,Head Tube,0,0,1,,2008-04-30 00:00:00.000000,,,b047c048-b4fb-4f80-94bc-c5fc00a6f77f,2014-02-08 10:01:36.827000
400,LL Hub,0,0,1,,2008-04-30 00:00:00.000000,,,ab332dda-dda5-44ad-8c50-34ffaceffa8e,2014-02-08 10:01:36.827000
401,HL Hub,0,0,1,,2008-04-30 00:00:00.000000,,,d59403a3-d19e-4803-bda2-b436a6416fda,2014-02-08 10:01:36.827000
402,Keyed Washer,0,0,0,,2008-04-30 00:00:00.000000,,,43024784-2741-4cab-a6dc-8050ce507f2e,2014-02-08 10:01:36.827000
403,External Lock Washer 3,0,0,0,,2008-04-30 00:00:00.000000,,,763412f0-6d53-43e2-b371-dcbed69f5e98,2014-02-08 10:01:36.827000
404,External Lock Washer 4,0,0,0,,2008-04-30 00:00:00.000000,,,89b6e84f-5c08-4cd9-b803-01f2ce24e417,2014-02-08 10:01:36.827000
405,External Lock Washer 9,0,0,0,,2008-04-30 00:00:00.000000,,,3330a721-e8cb-4e67-8d27-300db68c2395,2014-02-08 10:01:36.827000
406,External Lock Washer 5,0,0,0,,2008-04-30 00:00:00.000000,,,39314098-768b-49f9-a777-af2e3bb06b17,2014-02-08 10:01:36.827000
407,External Lock Washer 7,0,0,0,,2008-04-30 00:00:00.000000,,,93f7bc73-bd22-45a0-9f2e-a11932342e6b,2014-02-08 10:01:36.827000
408,External Lock Washer 6,0,0,0,,2008-04-30 00:00:00.000000,,,dc5f4cb0-a599-42cd-a96f-e9f01bc1dacc,2014-02-08 10:01:36.827000
409,External Lock Washer 1,0,0,0,,2008-04-30 00:00:00.000000,,,802b7687-bc74-43f8-98ae-2112166faca7,2014-02-08 10:01:36.827000
410,External Lock Washer 8,0,0,0,,2008-04-30 00:00:00.000000,,,02c48826-21ad-41f3-85a6-bc9a85a4dce4,2014-02-08 10:01:36.827000
411,External Lock Washer 2,0,0,0,,2008-04-30 00:00:00.000000,,,502a2a3d-cd72-43ad-8fb6-77505187edf4,2014-02-08 10:01:36.827000
412,Internal Lock Washer 3,0,0,0,,2008-04-30 00:00:00.000000,,,f1168c45-e4d2-4c37-adad-b76eaf402b71,2014-02-08 10:01:36.827000
413,Internal Lock Washer 4,0,0,0,,2008-04-30 00:00:00.000000,,,7f7413bb-bad2-47e4-9bc4-d98b194be35d,2014-02-08 10:01:36.827000
414,Internal Lock Washer 9,0,0,0,,2008-04-30 00:00:00.000000,,,4f040109-8332-4fcf-8084-57e6d8c49283,2014-02-08 10:01:36.827000
415,Internal Lock Washer 5,0,0,0,,2008-04-30 00:00:00.000000,,,0c02f2cc-bdb4-4794-a4f9-0eb33f7545c2,2014-02-08 10:01:36.827000
416,Internal Lock Washer 7,0,0,0,,2008-04-30 00:00:00.000000,,,3c2ac5bc-3f49-4fa4-8340-bc4cda983f46,2014-02-08 10:01:36.827000
417,Internal Lock Washer 6,0,0,0,,2008-04-30 00:00:00.000000,,,7f175dfe-1669-4ee9-8eeb-7b55fce9961c,2014-02-08 10:01:36.827000
418,Internal Lock Washer 10,0,0,0,,2008-04-30 00:00:00.000000,,,c8323eec-bdb2-4933-b3c6-24287638ad56,2014-02-08 10:01:36.827000
419,Internal Lock Washer 1,0,0,0,,2008-04-30 00:00:00.000000,,,71f8232d-2b59-41ac-99a1-f5ea197671b5,2014-02-08 10:01:36.827000
420,Internal Lock Washer 8,0,0,0,,2008-04-30 00:00:00.000000,,,e2f03586-02e8-4cd9-a342-1a8d65d393bd,2014-02-08 10:01:36.827000
421,Internal Lock Washer 2,0,0,0,,2008-04-30 00:00:00.000000,,,97741a88-92a1-4e72-b0aa-bcb198a1c378,2014-02-08 10:01:36.827000
422,Thin-Jam Lock Nut 9,0,0,0,,2008-04-30 00:00:00.000000,,,7da2613b-3347-4072-a1dc-943ada161d7f,2014-02-08 10:01:36.827000
423,Thin-Jam Lock Nut 10,0,0,0,,2008-04-30 00:00:00.000000,,,a88f15be-2719-4741-93a4-2d96ef3712eb,2014-02-08 10:01:36.827000
424,Thin-Jam Lock Nut 1,0,0,0,,2008-04-30 00:00:00.000000,,,48461e5d-d58a-47e5-8ba3-ce4430fca611,2014-02-08 10:01:36.827000
425,Thin-Jam Lock Nut 2,0,0,0,,2008-04-30 00:00:00.000000,,,36187eb6-ad84-47b7-a55e-2941d3435fe2,2014-02-08 10:01:36.827000
426,Thin-Jam Lock Nut 15,0,0,0,,2008-04-30 00:00:00.000000,,,99215648-afe8-4556-bc80-b6c62ae74fc8,2014-02-08 10:01:36.827000
427,Thin-Jam Lock Nut 16,0,0,0,,2008-04-30 00:00:00.000000,,,b4fc4c32-049c-417f-bbb0-f19cdfd64252,2014-02-08 10:01:36.827000
428,Thin-Jam Lock Nut 5,0,0,0,,2008-04-30 00:00:00.000000,,,a57b7915-2e65-49de-87ba-acd007c55adb,2014-02-08 10:01:36.827000
429,Thin-Jam Lock Nut 6,0,0,0,,2008-04-30 00:00:00.000000,,,5abd940c-d61f-4108-8312-0ea97e469613,2014-02-08 10:01:36.827000
430,Thin-Jam Lock Nut 3,0,0,0,,2008-04-30 00:00:00.000000,,,9883496f-4785-4bfc-8af3-c357347b9f89,2014-02-08 10:01:36.827000
431,Thin-Jam Lock Nut 4,0,0,0,,2008-04-30 00:00:00.000000,,,8c5ee683-d93c-4f25-9454-22faa4c31365,2014-02-08 10:01:36.827000
432,Thin-Jam Lock Nut 13,0,0,0,,2008-04-30 00:00:00.000000,,,38e4a447-3d3c-4087-abad-97f006525b52,2014-02-08 10:01:36.827000
433,Thin-Jam Lock Nut 14,0,0,0,,2008-04-30 00:00:00.000000,,,dce24b6c-76d8-4934-a4f6-c934364943ea,2014-02-08 10:01:36.827000
434,Thin-Jam Lock Nut 7,0,0,0,,2008-04-30 00:00:00.000000,,,344ad07c-cca5-4374-a3f3-8a7e0a1d9916,2014-02-08 10:01:36.827000
435,Thin-Jam Lock Nut 8,0,0,0,,2008-04-30 00:00:00.000000,,,b2508cf2-c64f-493d-9db4-0d6601af1f73,2014-02-08 10:01:36.827000
436,Thin-Jam Lock Nut 12,0,0,0,,2008-04-30 00:00:00.000000,,,5d3e589f-4584-406b-b9cc-3c8c060cb9a5,2014-02-08 10:01:36.827000
437,Thin-Jam Lock Nut 11,0,0,0,,2008-04-30 00:00:00.000000,,,64169a28-161c-4737-b724-f42ffd99de80,2014-02-08 10:01:36.827000
438,Lock Nut 5,0,0,0,,2008-04-30 00:00:00.000000,,,eb4c1d34-4816-4130-bb30-07b4de4072b6,2014-02-08 10:01:36.827000
439,Lock Nut 6,0,0,0,,2008-04-30 00:00:00.000000,,,98ccbb38-4683-486e-bbfe-cbbe4ea63c03,2014-02-08 10:01:36.827000
440,Lock Nut 16,0,0,0,,2008-04-30 00:00:00.000000,,,bbfd88f8-28c5-44ee-b625-52e882393dfc,2014-02-08 10:01:36.827000
441,Lock Nut 17,0,0,0,,2008-04-30 00:00:00.000000,,,92dc4ba8-a052-45df-83ec-226f050f876b,2014-02-08 10:01:36.827000
442,Lock Nut 7,0,0,0,,2008-04-30 00:00:00.000000,,,d583d825-c707-4529-b6f2-abffa21b81ec,2014-02-08 10:01:36.827000
443,Lock Nut 8,0,0,0,,2008-04-30 00:00:00.000000,,,e91c3dc2-c99b-4d01-8108-5dde3c87830a,2014-02-08 10:01:36.827000
444,Lock Nut 9,0,0,0,,2008-04-30 00:00:00.000000,,,06534a20-4c00-4824-8bba-b4e3a5724d93,2014-02-08 10:01:36.827000
445,Lock Nut 22,0,0,0,,2008-04-30 00:00:00.000000,,,1e4fa4ec-367e-4d8d-88b4-6cd34d1cfb89,2014-02-08 10:01:36.827000
446,Lock Nut 23,0,0,0,,2008-04-30 00:00:00.000000,,,afa814c8-8ec8-49db-9fee-a291197a8fe9,2014-02-08 10:01:36.827000
447,Lock Nut 12,0,0,0,,2008-04-30 00:00:00.000000,,,9a751f85-7130-4562-9f22-db9cab6e5bbc,2014-02-08 10:01:36.827000
448,Lock Nut 13,0,0,0,,2008-04-30 00:00:00.000000,,,06be8347-45c1-4c40-afcb-6ab34ad135fb,2014-02-08 10:01:36.827000
449,Lock Nut 1,0,0,0,,2008-04-30 00:00:00.000000,,,1dc29704-e0e0-4ef5-b581-4a524730c448,2014-02-08 10:01:36.827000
450,Lock Nut 10,0,0,0,,2008-04-30 00:00:00.000000,,,612c26c7-6018-4050-b628-8b2d2e6841fa,2014-02-08 10:01:36.827000
451,Lock Nut 11,0,0,0,,2008-04-30 00:00:00.000000,,,5bcc4558-6c16-48f1-92f0-fd2eefb17306,2014-02-08 10:01:36.827000
452,Lock Nut 2,0,0,0,,2008-04-30 00:00:00.000000,,,53ad147d-c16d-4a8c-b086-625a31405574,2014-02-08 10:01:36.827000
453,Lock Nut 20,0,0,0,,2008-04-30 00:00:00.000000,,,2749030e-49b7-4b24-8d47-fbcf194aba38,2014-02-08 10:01:36.827000
454,Lock Nut 21,0,0,0,,2008-04-30 00:00:00.000000,,,e10a7b34-87f5-42cd-88b3-27a3d8e16b18,2014-02-08 10:01:36.827000
455,Lock Nut 3,0,0,0,,2008-04-30 00:00:00.000000,,,aa5071eb-2145-4d08-9d33-b9d2ba9e1493,2014-02-08 10:01:36.827000
456,Lock Nut 14,0,0,0,,2008-04-30 00:00:00.000000,,,1e96b03d-dc07-4a98-bc24-bf5b24c393e5,2014-02-08 10:01:36.827000
457,Lock Nut 15,0,0,0,,2008-04-30 00:00:00.000000,,,ce04de2b-4eca-4203-a108-b7d92ff0e96e,2014-02-08 10:01:36.827000
458,Lock Nut 4,0,0,0,,2008-04-30 00:00:00.000000,,,41bd9389-8b22-4a35-9a2c-233d39ada7ea,2014-02-08 10:01:36.827000
459,Lock Nut 19,0,0,0,,2008-04-30 00:00:00.000000,,,5986504b-22a0-4e74-a137-c7cf99a8216f,2014-02-08 10:01:36.827000
460,Lock Nut 18,0,0,0,,2008-04-30 00:00:00.000000,,,a420963f-92fd-4cd4-8531-6926e4162c41,2014-02-08 10:01:36.827000
461,Lock Ring,0,0,0,,2008-04-30 00:00:00.000000,,,aeca59da-b61c-4976-8316-97e14cd4eff1,2014-02-08 10:01:36.827000
462,Lower Head Race,0,0,0,,2008-04-30 00:00:00.000000,,,dbb962bf-0603-4095-959b-5ba9c74fbd32,2014-02-08 10:01:36.827000
463,Lock Washer 4,0,0,0,,2008-04-30 00:00:00.000000,,,a3ee3bc5-73c5-45f3-a952-9991d038dd9c,2014-02-08 10:01:36.827000
464,Lock Washer 5,0,0,0,,2008-04-30 00:00:00.000000,,,ecaed08d-2cf5-4d81-a4ed-8369e25af227,2014-02-08 10:01:36.827000
465,Lock Washer 10,0,0,0,,2008-04-30 00:00:00.000000,,,a2212bab-af58-41a5-a659-a6141c8967ca,2014-02-08 10:01:36.827000
466,Lock Washer 6,0,0,0,,2008-04-30 00:00:00.000000,,,9092f2e1-3637-4669-8565-55404a55750e,2014-02-08 10:01:36.827000
467,Lock Washer 13,0,0,0,,2008-04-30 00:00:00.000000,,,3cb31f4a-c61c-408c-be1e-48bee412e511,2014-02-08 10:01:36.827000
468,Lock Washer 8,0,0,0,,2008-04-30 00:00:00.000000,,,900d26e6-21a0-427d-b43c-173f6dcb2045,2014-02-08 10:01:36.827000
469,Lock Washer 1,0,0,0,,2008-04-30 00:00:00.000000,,,5402ea37-29df-47ff-9fc7-867d60594c48,2014-02-08 10:01:36.827000
470,Lock Washer 7,0,0,0,,2008-04-30 00:00:00.000000,,,99357255-e66b-458c-ab2e-6f68ef5452d2,2014-02-08 10:01:36.827000
471,Lock Washer 12,0,0,0,,2008-04-30 00:00:00.000000,,,7bc9d58e-3e62-481f-8343-beb0883b3ecf,2014-02-08 10:01:36.827000
472,Lock Washer 2,0,0,0,,2008-04-30 00:00:00.000000,,,5f201424-9e6a-4f8d-9c2c-30777e27d64f,2014-02-08 10:01:36.827000
473,Lock Washer 9,0,0,0,,2008-04-30 00:00:00.000000,,,f9426fb2-1e68-464e-bf32-615026e0249e,2014-02-08 10:01:36.827000
474,Lock Washer 3,0,0,0,,2008-04-30 00:00:00.000000,,,ac007b7f-73b7-4623-8150-02444c5ec023,2014-02-08 10:01:36.827000
475,Lock Washer 11,0,0,0,,2008-04-30 00:00:00.000000,,,639d8448-b427-47b1-9e5b-0e5090a27632,2014-02-08 10:01:36.827000
476,Metal Angle,0,0,0,,2008-04-30 00:00:00.000000,,,e876e239-7ec2-45c8-ba4b-b9ceacb379a6,2014-02-08 10:01:36.827000
477,Metal Bar 1,0,0,0,,2008-04-30 00:00:00.000000,,,8b5429ce-7876-44b3-9332-baf78a238b36,2014-02-08 10:01:36.827000
478,Metal Bar 2,0,0,0,,2008-04-30 00:00:00.000000,,,2a14f60e-3827-49ba-af13-466dbc30c5ba,2014-02-08 10:01:36.827000
479,Metal Plate 2,0,0,0,,2008-04-30 00:00:00.000000,,,0773a2c9-f47f-429e-814a-25b2e08c128a,2014-02-08 10:01:36.827000
480,Metal Plate 1,0,0,0,,2008-04-30 00:00:00.000000,,,242389be-dde0-42a1-85d9-f99fdc981336,2014-02-08 10:01:36.827000
481,Metal Plate 3,0,0,0,,2008-04-30 00:00:00.000000,,,8b7e90e5-7785-455e-bc7c-e962f18c6848,2014-02-08 10:01:36.827000
482,Metal Sheet 2,0,0,0,,2008-04-30 00:00:00.000000,,,8bb96dfb-23aa-4877-9c5e-866bb18facc7,2014-02-08 10:01:36.827000
483,Metal Sheet 3,0,0,0,,2008-04-30 00:00:00.000000,,,9074e00d-005b-450e-9c92-6667782e8108,2014-02-08 10:01:36.827000
484,Metal Sheet 7,0,0,0,,2008-04-30 00:00:00.000000,,,a9539885-0cee-4aa0-9072-8db1d34a16db,2014-02-08 10:01:36.827000
485,Metal Sheet 4,0,0,0,,2008-04-30 00:00:00.000000,,,3cb3cf7d-ab8e-44a3-b7e9-73149f5ec29f,2014-02-08 10:01:36.827000
486,Metal Sheet 5,0,0,0,,2008-04-30 00:00:00.000000,,,2a2c555d-328d-4299-bd83-591d0762df62,2014-02-08 10:01:36.827000
487,Metal Sheet 6,0,0,0,,2008-04-30 00:00:00.000000,,,64844011-a1c3-4f8f-9caa-9c8d214ecc12,2014-02-08 10:01:36.827000
488,Metal Sheet 1,0,0,0,,2008-04-30 00:00:00.000000,,,3b2febc6-c76c-4a56-9cf7-8af5b76e24ee,2014-02-08 10:01:36.827000
489,Metal Tread Plate,0,0,0,,2008-04-30 00:00:00.000000,,,d2177b6c-3352-43f0-9a41-719754dd280c,2014-02-08 10:01:36.827000
490,LL Nipple,0,0,0,,2008-04-30 00:00:00.000000,,,88310f73-ab0a-41a2-8597-936f192b7d12,2014-02-08 10:01:36.827000
491,HL Nipple,0,0,0,,2008-04-30 00:00:00.000000,,,88a7b897-6ff5-4ca2-b68a-6ea0e86f92b9,2014-02-08 10:01:36.827000
492,Paint - Black,0,0,0,,2008-04-30 00:00:00.000000,,,df20e514-3d47-491b-9454-0911ec3f7d29,2014-02-08 10:01:36.827000
493,Paint - Red,0,0,0,,2008-04-30 00:00:00.000000,,,4c568357-5d21-4ad4-bb85-bb5519b3b50c,2014-02-08 10:01:36.827000
494,Paint - Silver,0,0,0,,2008-04-30 00:00:00.000000,,,fa81e47d-7333-49c2-809b-308171ca2fb1,2014-02-08 10:01:36.827000
495,Paint - Blue,0,0,0,,2008-04-30 00:00:00.000000,,,25a73761-ae90-49d3-8d1d-dd7858db4704,2014-02-08 10:01:36.827000
496,Paint - Yellow,0,0,0,,2008-04-30 00:00:00.000000,,,1c8adb43-9fe8-44a6-b949-8af33ce9486e,2014-02-08 10:01:36.827000
497,Pinch Bolt,0,0,0,,2008-04-30 00:00:00.000000,,,f1694c24-dfab-4c92-bc66-6e717db24ea8,2014-02-08 10:01:36.827000
504,Cup-Shaped Race,0,0,0,,2008-04-30 00:00:00.000000,,,874c800e-334d-4a3c-8d3a-1e872d5b2a1b,2014-02-08 10:01:36.827000
505,Cone-Shaped Race,0,0,0,,2008-04-30 00:00:00.000000,,,35ce3995-9dd2-40e2-98b8-275931ac2d76,2014-02-08 10:01:36.827000
506,Reflector,0,0,0,,2008-04-30 00:00:00.000000,,,1c850499-38ed-4c2d-8665-7edb6a7ce93d,2014-02-08 10:01:36.827000
507,LL Mountain Rim,0,0,0,,2008-04-30 00:00:00.000000,,,b2cc7dfb-783d-4587-88c0-2712a538a5b2,2014-02-08 10:01:36.827000
508,ML Mountain Rim,0,0,0,,2008-04-30 00:00:00.000000,,,733fd04d-322f-44f5-beec-f326189d1ce6,2014-02-08 10:01:36.827000
509,HL Mountain Rim,0,0,0,,2008-04-30 00:00:00.000000,,,9fa4a3b5-d396-48d4-adfc-b573bc4a800a,2014-02-08 10:01:36.827000
510,LL Road Rim,0,0,0,,2008-04-30 00:00:00.000000,,,c2770757-b258-4eec-a811-6856faf87437,2014-02-08 10:01:36.827000
511,ML Road Rim,0,0,0,,2008-04-30 00:00:00.000000,,,80108059-0002-4253-a805-53a2324c33a4,2014-02-08 10:01:36.827000
512,HL Road Rim,0,0,0,,2008-04-30 00:00:00.000000,,,cd9b5c44-fb31-4e0f-9905-3b2086966cc5,2014-02-08 10:01:36.827000
513,Touring Rim,0,0,0,,2008-04-30 00:00:00.000000,,,4852db13-308a-4893-aafa-390a0dfe9f12,2014-02-08 10:01:36.827000
514,LL Mountain Seat Assembly,98.77,133.34,1,,2008-04-30 00:00:00.000000,,,fcfc0a4f-4563-4e0b-bff4-5ddcfe3a9273,2014-02-08 10:01:36.827000
515,ML Mountain Seat Assembly,108.99,147.14,1,,2008-04-30 00:00:00.000000,,,d3c8ae4c-a1be-448d-bf58-6ecbf36afa0b,2014-02-08 10:01:36.827000
516,HL Mountain Seat Assembly,145.87,196.92,1,,2008-04-30 00:00:00.000000,,,9e18adab-b9c7-45b1-bd95-1805ec4f297d,2014-02-08 10:01:36.827000
517,LL Road Seat Assembly,98.77,133.34,1,,2008-04-30 00:00:00.000000,,,f5a30b8d-f35b-43f2-83a0-f7f6b51f6241,2014-02-08 10:01:36.827000
518,ML Road Seat Assembly,108.99,147.14,1,,2008-04-30 00:00:00.000000,,,ad109395-fda9-4c2a-96f1-515ccde3d9f4,2014-02-08 10:01:36.827000
519,HL Road Seat Assembly,145.87,196.92,1,,2008-04-30 00:00:00.000000,,,7b52ee2a-7100-4a39-a0af-c89012da6ef8,2014-02-08 10:01:36.827000
520,LL Touring Seat Assembly,98.77,133.34,1,,2008-04-30 00:00:00.000000,,,af3d83ba-4b8e-4072-817f-e6b095a1c879,2014-02-08 10:01:36.827000
521,ML Touring Seat Assembly,108.99,147.14,1,,2008-04-30 00:00:00.000000,,,85b9a3de-000c-4351-9494-05796689c216,2014-02-08 10:01:36.827000
522,HL Touring Seat Assembly,145.87,196.92,1,,2008-04-30 00:00:00.000000,,,8c471bca-a735-4087-ad50-90ede0ac1a1b,2014-02-08 10:01:36.827000
523,LL Spindle/Axle,0,0,0,,2008-04-30 00:00:00.000000,,,d2bd1f55-2cd4-4998-89fa-28ff2e28de2c,2014-02-08 10:01:36.827000
524,HL Spindle/Axle,0,0,0,,2008-04-30 00:00:00.000000,,,6ce0661d-ba1f-4012-b785-55165b3b241a,2014-02-08 10:01:36.827000
525,LL Shell,0,0,0,,2008-04-30 00:00:00.000000,,,ae7bcda7-e836-4f68-9e61-745f27f9aa3e,2014-02-08 10:01:36.827000
526,HL Shell,0,0,0,,2008-04-30 00:00:00.000000,,,d215a3ae-aaf2-4cb0-9d20-3758aad078e2,2014-02-08 10:01:36.827000
527,Spokes,0,0,0,,2008-04-30 00:00:00.000000,,,5aabb729-343b-4084-a235-ccb3da9f29e7,2014-02-08 10:01:36.827000
528,Seat Lug,0,0,0,,2008-04-30 00:00:00.000000,,,4a898b1e-9a3b-4beb-9873-a7465934051a,2014-02-08 10:01:36.827000
529,Stem,0,0,1,,2008-04-30 00:00:00.000000,,,1173306e-b616-4c4a-b715-4e0a483ba2b5,2014-02-08 10:01:36.827000
530,Seat Post,0,0,0,,2008-04-30 00:00:00.000000,,,9b4ceb84-4e84-43f3-b326-9b7f22905363,2014-02-08 10:01:36.827000
531,Steerer,0,0,1,,2008-04-30 00:00:00.000000,,,f3b140a1-b139-4bb5-b144-1b7cbbee6c9a,2014-02-08 10:01:36.827000
532,Seat Stays,0,0,1,,2008-04-30 00:00:00.000000,,,20c2c611-dffc-49b5-99cf-d89bdd3a91ce,2014-02-08 10:01:36.827000
533,Seat Tube,0,0,1,,2008-04-30 00:00:00.000000,,,41f5388b-7253-4002-bcc6-b2a50920d11f,2014-02-08 10:01:36.827000
534,Top Tube,0,0,1,,2008-04-30 00:00:00.000000,,,4c0bad8e-066b-46b8-bfe9-da61539606e8,2014-02-08 10:01:36.827000
535,Tension Pulley,0,0,0,,2008-04-30 00:00:00.000000,,,13df62b2-8a7b-47d5-9084-f1172c4779e4,2014-02-08 10:01:36.827000
679,Rear Derailleur Cage,0,0,0,,2008-04-30 00:00:00.000000,,,912b03ea-4447-48c8-85da-09b80ab26340,2014-02-08 10:01:36.827000
680,"HL Road Frame - Black, 58",1059.31,1431.5,1,14,2008-04-30 00:00:00.000000,,,43dd68d6-14a4-461f-9069-55309d90ea7e,2014-02-08 10:01:36.827000
706,"HL Road Frame - Red, 58",1059.31,1431.5,1,14,2008-04-30 00:00:00.000000,,,9540ff17-2712-4c90-a3d1-8ce5568b2462,2014-02-08 10:01:36.827000
707,"Sport-100 Helmet, Red",13.0863,34.99,0,31,2011-05-31 00:00:00.000000,,,2e1ef41a-c08a-4ff6-8ada-bde58b64a712,2014-02-08 10:01:36.827000
708,"Sport-100 Helmet, Black",13.0863,34.99,0,31,2011-05-31 00:00:00.000000,,,a25a44fb-c2de-4268-958f-110b8d7621e2,2014-02-08 10:01:36.827000
709,"Mountain Bike Socks, M",3.3963,9.5,0,23,2011-05-31 00:00:00.000000,2012-05-29 00:00:00.000000,,18f95f47-1540-4e02-8f1f-cc1bcb6828d0,2014-02-08 10:01:36.827000
710,"Mountain Bike Socks, L",3.3963,9.5,0,23,2011-05-31 00:00:00.000000,2012-05-29 00:00:00.000000,,161c035e-21b3-4e14-8e44-af508f35d80a,2014-02-08 10:01:36.827000
711,"Sport-100 Helmet, Blue",13.0863,34.99,0,31,2011-05-31 00:00:00.000000,,,fd7c0858-4179-48c2-865b-abd5dfc7bc1d,2014-02-08 10:01:36.827000
712,AWC Logo Cap,6.9223,8.99,0,19,2011-05-31 00:00:00.000000,,,b9ede243-a6f4-4629-b1d4-ffe1aedc6de7,2014-02-08 10:01:36.827000
713,"Long-Sleeve Logo Jersey, S",38.4923,49.99,0,21,2011-05-31 00:00:00.000000,,,fd449c82-a259-4fae-8584-6ca0255faf68,2014-02-08 10:01:36.827000
714,"Long-Sleeve Logo Jersey, M",38.4923,49.99,0,21,2011-05-31 00:00:00.000000,,,6a290063-a0cf-432a-8110-2ea0fda14308,2014-02-08 10:01:36.827000
715,"Long-Sleeve Logo Jersey, L",38.4923,49.99,0,21,2011-05-31 00:00:00.000000,,,34cf5ef5-c077-4ea0-914a-084814d5cbd5,2014-02-08 10:01:36.827000
716,"Long-Sleeve Logo Jersey, XL",38.4923,49.99,0,21,2011-05-31 00:00:00.000000,,,6ec47ec9-c041-4dda-b686-2125d539ce9b,2014-02-08 10:01:36.827000
717,"HL Road Frame - Red, 62",868.6342,1431.5,1,14,2011-05-31 00:00:00.000000,,,052e4f8b-0a2a-46b2-9f42-10febcfae416,2014-02-08 10:01:36.827000
718,"HL Road Frame - Red, 44",868.6342,1431.5,1,14,2011-05-31 00:00:00.000000,,,a88d3b54-2cae-43f2-8c6e-ea1d97b46a7c,2014-02-08 10:01:36.827000
719,"HL Road Frame - Red, 48",868.6342,1431.5,1,14,2011-05-31 00:00:00.000000,,,07befc9a-7634-402b-b234-d7797733baaf,2014-02-08 10:01:36.827000
720,"HL Road Frame - Red, 52",868.6342,1431.5,1,14,2011-05-31 00:00:00.000000,,,fcfea68f-310e-4e6e-9f99-bb17d011ebae,2014-02-08 10:01:36.827000
721,"HL Road Frame - Red, 56",868.6342,1431.5,1,14,2011-05-31 00:00:00.000000,,,56c85873-4993-41b4-8096-1067cfd7e4bd,2014-02-08 10:01:36.827000
722,"LL Road Frame - Black, 58",204.6251,337.22,1,14,2011-05-31 00:00:00.000000,,,2140f256-f705-4d67-975d-32de03265838,2014-02-08 10:01:36.827000
723,"LL Road Frame - Black, 60",204.6251,337.22,1,14,2011-05-31 00:00:00.000000,,,aa95e2a5-e7c4-4b74-b1ea-b52ee3b51537,2014-02-08 10:01:36.827000
724,"LL Road Frame - Black, 62",204.6251,337.22,1,14,2011-05-31 00:00:00.000000,,,5247be33-50bf-4527-8a30-a39aae500a8e,2014-02-08 10:01:36.827000
725,"LL Road Frame - Red, 44",187.1571,337.22,1,14,2011-05-31 00:00:00.000000,2013-05-29 00:00:00.000000,,137d319d-44ad-42b2-ab61-60b9ce52b5f2,2014-02-08 10:01:36.827000
726,"LL Road Frame - Red, 48",187.1571,337.22,1,14,2011-05-31 00:00:00.000000,2013-05-29 00:00:00.000000,,35213547-275f-4767-805d-c8a4b8e13745,2014-02-08 10:01:36.827000
727,"LL Road Frame - Red, 52",187.1571,337.22,1,14,2011-05-31 00:00:00.000000,2013-05-29 00:00:00.000000,,c455e0b3-d716-419d-abf0-7e03efdd2e26,2014-02-08 10:01:36.827000
728,"LL Road Frame - Red, 58",187.1571,337.22,1,14,2011-05-31 00:00:00.000000,2013-05-29 00:00:00.000000,,799a56ff-5ad2-41b3-bfac-528b477ad129,2014-02-08 10:01:36.827000
729,"LL Road Frame - Red, 60",187.1571,337.22,1,14,2011-05-31 00:00:00.000000,2013-05-29 00:00:00.000000,,1784bb14-d1f5-4b24-92da-9127ad179302,2014-02-08 10:01:36.827000
730,"LL Road Frame - Red, 62",187.1571,337.22,1,14,2011-05-31 00:00:00.000000,2013-05-29 00:00:00.000000,,7e73aa1f-8569-4d87-9f80-ac2e513e0803,2014-02-08 10:01:36.827000
731,"ML Road Frame - Red, 44",352.1394,594.83,1,14,2011-05-31 00:00:00.000000,2012-05-29 00:00:00.000000,,459e041c-3234-409e-b4cd-81728f8a2398,2014-02-08 10:01:36.827000
732,"ML Road Frame - Red, 48",352.1394,594.83,1,14,2011-05-31 00:00:00.000000,2012-05-29 00:00:00.000000,,b673189c-c042-413b-8194-73bc44b0492c,2014-02-08 10:01:36.827000
733,"ML Road Frame - Red, 52",352.1394,594.83,1,14,2011-05-31 00:00:00.000000,2012-05-29 00:00:00.000000,,55ea276b-82d8-4ccb-9ab1-9b1b75b15a83,2014-02-08 10:01:36.827000
734,"ML Road Frame - Red, 58",352.1394,594.83,1,14,2011-05-31 00:00:00.000000,2012-05-29 00:00:00.000000,,df4ce1e2-ba9a-4657-b999-ccfa6c55d9c1,2014-02-08 10:01:36.827000
735,"ML Road Frame - Red, 60",352.1394,594.83,1,14,2011-05-31 00:00:00.000000,2012-05-29 00:00:00.000000,,b2e48e8c-63a5-469a-ba4c-4f5ebb1104a4,2014-02-08 10:01:36.827000
736,"LL Road Frame - Black, 44",204.6251,337.22,1,14,2011-05-31 00:00:00.000000,,,c9967889-f490-4a66-943a-bce432e938d8,2014-02-08 10:01:36.827000
737,"LL Road Frame - Black, 48",204.6251,337.22,1,14,2011-05-31 00:00:00.000000,,,3b5f29b6-a441-4ff7-a0fa-fad10e2ceb4c,2014-02-08 10:01:36.827000
738,"LL Road Frame - Black, 52",204.6251,337.22,1,14,2011-05-31 00:00:00.000000,,,18fc5d72-a012-4dc7-bb35-0d01a84d0219,2014-02-08 10:01:36.827000
739,"HL Mountain Frame - Silver, 42",747.2002,1364.5,1,12,2011-05-31 00:00:00.000000,,,8ae32663-8d6f-457d-8343-5b181fec43a7,2014-02-08 10:01:36.827000
740,"HL Mountain Frame - Silver, 44",706.811,1364.5,1,12,2011-05-31 00:00:00.000000,2012-05-29 00:00:00.000000,,1909c60c-c490-411d-b3e6-12ddd7832482,2014-02-08 10:01:36.827000
741,"HL Mountain Frame - Silver, 48",706.811,1364.5,1,12,2011-05-31 00:00:00.000000,2012-05-29 00:00:00.000000,,b181ec1f-ca20-4724-b2eb-15f3e455142e,2014-02-08 10:01:36.827000
742,"HL Mountain Frame - Silver, 46",747.2002,1364.5,1,12,2011-05-31 00:00:00.000000,,,a189d86e-d923-4336-b13d-a5db6f426540,2014-02-08 10:01:36.827000
743,"HL Mountain Frame - Black, 42",739.041,1349.6,1,12,2011-05-31 00:00:00.000000,,,27db28f8-5ab8-4091-b94e-6f1b2d8e7ab0,2014-02-08 10:01:36.827000
744,"HL Mountain Frame - Black, 44",699.0928,1349.6,1,12,2011-05-31 00:00:00.000000,2012-05-29 00:00:00.000000,,cb443286-6b25-409f-a10b-1ad4eeb4bd4e,2014-02-08 10:01:36.827000
745,"HL Mountain Frame - Black, 48",699.0928,1349.6,1,12,2011-05-31 00:00:00.000000,2012-05-29 00:00:00.000000,,1fee0573-6676-432d-8d6d-41ba9faa5865,2014-02-08 10:01:36.827000
746,"HL Mountain Frame - Black, 46",739.041,1349.6,1,12,2011-05-31 00:00:00.000000,,,50abebcb-451e-42b9-8dbb-e5c4a34470e9,2014-02-08 10:01:36.827000
747,"HL Mountain Frame - Black, 38",739.041,1349.6,2,12,2011-05-31 00:00:00.000000,,,0c548577-3171-4ce2-b9a0-1ed526849de8,2014-02-08 10:01:36.827000
748,"HL Mountain Frame - Silver, 38",747.2002,1364.5,2,12,2011-05-31 00:00:00.000000,,,f246acaa-a80b-40ec-9208-02edef885129,2014-02-08 10:01:36.827000
749,"Road-150 Red, 62",2171.2942,3578.27,4,2,2011-05-31 00:00:00.000000,2012-05-29 00:00:00.000000,,bc621e1f-2553-4fdc-b22e-5e44a9003569,2014-02-08 10:01:36.827000
750,"Road-150 Red, 44",2171.2942,3578.27,4,2,2011-05-31 00:00:00.000000,2012-05-29 00:00:00.000000,,c19e1136-5da4-4b40-8758-54a85d7ea494,2014-02-08 10:01:36.827000
751,"Road-150 Red, 48",2171.2942,3578.27,4,2,2011-05-31 00:00:00.000000,2012-05-29 00:00:00.000000,,d10b7cc1-455e-435b-a08f-ec5b1c5776e9,2014-02-08 10:01:36.827000
752,"Road-150 Red, 52",2171.2942,3578.27,4,2,2011-05-31 00:00:00.000000,2012-05-29 00:00:00.000000,,5e085ba0-3cd5-487f-85bb-79ed1c701f23,2014-02-08 10:01:36.827000
753,"Road-150 Red, 56",2171.2942,3578.27,4,2,2011-05-31 00:00:00.000000,2012-05-29 00:00:00.000000,,30819b88-f0d3-4e7a-8105-19f6fac2cefb,2014-02-08 10:01:36.827000
754,"Road-450 Red, 58",884.7083,1457.99,4,2,2011-05-31 00:00:00.000000,2012-05-29 00:00:00.000000,,40d5effa-c0c4-479f-af66-5f1bf8ed3bfb,2014-02-08 10:01:36.827000
755,"Road-450 Red, 60",884.7083,1457.99,4,2,2011-05-31 00:00:00.000000,2012-05-29 00:00:00.000000,,181a90cb-3678-490e-8418-78f73fb5343d,2014-02-08 10:01:36.827000
756,"Road-450 Red, 44",884.7083,1457.99,4,2,2011-05-31 00:00:00.000000,2012-05-29 00:00:00.000000,,f8b5e26a-3d33-4e39-b500-cc21a133062e,2014-02-08 10:01:36.827000
757,"Road-450 Red, 48",884.7083,1457.99,4,2,2011-05-31 00:00:00.000000,2012-05-29 00:00:00.000000,,c72c9978-0b04-46b3-9de6-948feca1c86e,2014-02-08 10:01:36.827000
758,"Road-450 Red, 52",884.7083,1457.99,4,2,2011-05-31 00:00:00.000000,2012-05-29 00:00:00.000000,,040a4b7d-4060-4507-aa92-7508b434797e,2014-02-08 10:01:36.827000
759,"Road-650 Red, 58",486.7066,782.99,4,2,2011-05-31 00:00:00.000000,2013-05-29 00:00:00.000000,,6711d6bc-664f-4890-9f69-af1de321d055,2014-02-08 10:01:36.827000
760,"Road-650 Red, 60",486.7066,782.99,4,2,2011-05-31 00:00:00.000000,2013-05-29 00:00:00.000000,,664867e5-4ab3-4783-96f9-42efde92f49b,2014-02-08 10:01:36.827000
761,"Road-650 Red, 62",486.7066,782.99,4,2,2011-05-31 00:00:00.000000,2013-05-29 00:00:00.000000,,1da14e09-6d71-4e2a-9ee9-1bdfdfd8a109,2014-02-08 10:01:36.827000
762,"Road-650 Red, 44",486.7066,782.99,4,2,2011-05-31 00:00:00.000000,2013-05-29 00:00:00.000000,,f247aaae-12e3-4048-a37b-cce4a8999e81,2014-02-08 10:01:36.827000
763,"Road-650 Red, 48",486.7066,782.99,4,2,2011-05-31 00:00:00.000000,2013-05-29 00:00:00.000000,,3da5fa6e-9e0f-4896-ac10-948c27f4eb79,2014-02-08 10:01:36.827000
764,"Road-650 Red, 52",486.7066,782.99,4,2,2011-05-31 00:00:00.000000,2013-05-29 00:00:00.000000,,07cfe1ea-8a37-4d2a-835f-bc8d37e564af,2014-02-08 10:01:36.827000
765,"Road-650 Black, 58",486.7066,782.99,4,2,2011-05-31 00:00:00.000000,2013-05-29 00:00:00.000000,,74645b12-3ce9-49a6-bd96-2cd814b37420,2014-02-08 10:01:36.827000
766,"Road-650 Black, 60",486.7066,782.99,4,2,2011-05-31 00:00:00.000000,2013-05-29 00:00:00.000000,,a2db196d-6640-49ea-a84f-2e87ca6f50c6,2014-02-08 10:01:36.827000
767,"Road-650 Black, 62",486.7066,782.99,4,2,2011-05-31 00:00:00.000000,2013-05-29 00:00:00.000000,,c82a8309-63d3-4c0c-ad71-e91272397095,2014-02-08 10:01:36.827000
768,"Road-650 Black, 44",486.7066,782.99,4,2,2011-05-31 00:00:00.000000,2013-05-29 00:00:00.000000,,11d563ac-115c-4f0d-a1e5-e946eee8b38b,2014-02-08 10:01:36.827000
769,"Road-650 Black, 48",486.7066,782.99,4,2,2011-05-31 00:00:00.000000,2013-05-29 00:00:00.000000,,a7e2179e-137c-497e-a5e6-c9ea64935fb0,2014-02-08 10:01:36.827000
770,"Road-650 Black, 52",486.7066,782.99,4,2,2011-05-31 00:00:00.000000,2013-05-29 00:00:00.000000,,136e2865-e0da-4624-963a-31349279ab1a,2014-02-08 10:01:36.827000
771,"Mountain-100 Silver, 38",1912.1544,3399.99,4,1,2011-05-31 00:00:00.000000,2012-05-29 00:00:00.000000,,ca74b54e-fc30-4464-8b83-019bfd1b2dbb,2014-02-08 10:01:36.827000
772,"Mountain-100 Silver, 42",1912.1544,3399.99,4,1,2011-05-31 00:00:00.000000,2012-05-29 00:00:00.000000,,bbfff5a5-4bdc-49a9-a5ad-7584adffe808,2014-02-08 10:01:36.827000
773,"Mountain-100 Silver, 44",1912.1544,3399.99,4,1,2011-05-31 00:00:00.000000,2012-05-29 00:00:00.000000,,155fd77e-d6d6-43f0-8a5b-4a8305eb45cd,2014-02-08 10:01:36.827000
774,"Mountain-100 Silver, 48",1912.1544,3399.99,4,1,2011-05-31 00:00:00.000000,2012-05-29 00:00:00.000000,,ba5551df-c9ee-4b43-b3ca-8c19d0f9384d,2014-02-08 10:01:36.827000
775,"Mountain-100 Black, 38",1898.0944,3374.99,4,1,2011-05-31 00:00:00.000000,2012-05-29 00:00:00.000000,,dea33347-fcd3-4346-aa0f-068cd6b3ad06,2014-02-08 10:01:36.827000
776,"Mountain-100 Black, 42",1898.0944,3374.99,4,1,2011-05-31 00:00:00.000000,2012-05-29 00:00:00.000000,,02935111-a546-4c6d-941f-be12d42c158e,2014-02-08 10:01:36.827000
777,"Mountain-100 Black, 44",1898.0944,3374.99,4,1,2011-05-31 00:00:00.000000,2012-05-29 00:00:00.000000,,7920bc3b-8fd4-4610-93d2-e693a66b6474,2014-02-08 10:01:36.827000
778,"Mountain-100 Black, 48",1898.0944,3374.99,4,1,2011-05-31 00:00:00.000000,2012-05-29 00:00:00.000000,,1b486300-7e64-4c5d-a9ba-a8368e20c5a0,2014-02-08 10:01:36.827000
779,"Mountain-200 Silver, 38",1265.6195,2319.99,4,1,2012-05-30 00:00:00.000000,,,3a45d835-abae-4806-ac03-c53abcd3b974,2014-02-08 10:01:36.827000
780,"Mountain-200 Silver, 42",1265.6195,2319.99,4,1,2012-05-30 00:00:00.000000,,,ce4849b4-56e6-4b50-808b-9bde67cc4704,2014-02-08 10:01:36.827000
781,"Mountain-200 Silver, 46",1265.6195,2319.99,4,1,2012-05-30 00:00:00.000000,,,20799030-420c-496a-9922-09189c2b457e,2014-02-08 10:01:36.827000
782,"Mountain-200 Black, 38",1251.9813,2294.99,4,1,2012-05-30 00:00:00.000000,,,82cb8f9b-b8bb-4841-98d3-bcdb807c4dd8,2014-02-08 10:01:36.827000
783,"Mountain-200 Black, 42",1251.9813,2294.99,4,1,2012-05-30 00:00:00.000000,,,2b0af5b9-7571-4621-b760-47df599f9650,2014-02-08 10:01:36.827000
784,"Mountain-200 Black, 46",1251.9813,2294.99,4,1,2012-05-30 00:00:00.000000,,,33f42284-e216-4b98-ba48-b4ee18a01fa0,2014-02-08 10:01:36.827000
785,"Mountain-300 Black, 38",598.4354,1079.99,4,1,2012-05-30 00:00:00.000000,2013-05-29 00:00:00.000000,,f06c2cbf-0901-4c08-80ed-fb4e87171b3b,2014-02-08 10:01:36.827000
786,"Mountain-300 Black, 40",598.4354,1079.99,4,1,2012-05-30 00:00:00.000000,2013-05-29 00:00:00.000000,,580d4322-be03-4c91-83d2-ee33ec6008ab,2014-02-08 10:01:36.827000
787,"Mountain-300 Black, 44",598.4354,1079.99,4,1,2012-05-30 00:00:00.000000,2013-05-29 00:00:00.000000,,07c2a548-0452-47b4-9dce-6edb0a30c85e,2014-02-08 10:01:36.827000
788,"Mountain-300 Black, 48",598.4354,1079.99,4,1,2012-05-30 00:00:00.000000,2013-05-29 00:00:00.000000,,16078dbe-388d-4c18-aa8f-0c8f48035468,2014-02-08 10:01:36.827000
789,"Road-250 Red, 44",1518.7864,2443.35,4,2,2012-05-30 00:00:00.000000,2013-05-29 00:00:00.000000,,0aa71ad6-afaf-43c6-9745-35d815b50a5b,2014-02-08 10:01:36.827000
790,"Road-250 Red, 48",1518.7864,2443.35,4,2,2012-05-30 00:00:00.000000,2013-05-29 00:00:00.000000,,115ddade-70e3-43f9-80dc-638daea271c4,2014-02-08 10:01:36.827000
791,"Road-250 Red, 52",1518.7864,2443.35,4,2,2012-05-30 00:00:00.000000,2013-05-29 00:00:00.000000,,c9fd1df4-9512-420a-b379-067108033b75,2014-02-08 10:01:36.827000
792,"Road-250 Red, 58",1554.9479,2443.35,4,2,2012-05-30 00:00:00.000000,,,df629c11-8d8b-4774-9d52-ecb64dc95212,2014-02-08 10:01:36.827000
793,"Road-250 Black, 44",1554.9479,2443.35,4,2,2012-05-30 00:00:00.000000,,,1ff419b5-52af-4f7e-aeae-4fec5e99de35,2014-02-08 10:01:36.827000
794,"Road-250 Black, 48",1554.9479,2443.35,4,2,2012-05-30 00:00:00.000000,,,9d165ddf-8f5d-41c7-9bb8-13f41a3d1f62,2014-02-08 10:01:36.827000
795,"Road-250 Black, 52",1554.9479,2443.35,4,2,2012-05-30 00:00:00.000000,,,74fe3957-cbc3-450a-ab92-849bd13530e2,2014-02-08 10:01:36.827000
796,"Road-250 Black, 58",1554.9479,2443.35,4,2,2012-05-30 00:00:00.000000,,,1c530fe8-a169-4adc-b3dc-b11a48245e63,2014-02-08 10:01:36.827000
797,"Road-550-W Yellow, 38",713.0798,1120.49,4,2,2012-05-30 00:00:00.000000,,,aad81532-a572-49a5-83c3-dfa9e3b4fea6,2014-02-08 10:01:36.827000
798,"Road-550-W Yellow, 40",713.0798,1120.49,4,2,2012-05-30 00:00:00.000000,,,a35a1c35-c128-4697-951e-4199062e78f3,2014-02-08 10:01:36.827000
799,"Road-550-W Yellow, 42",713.0798,1120.49,4,2,2012-05-30 00:00:00.000000,,,a359ab09-16f2-4726-a60f-0dfdb1c9527e,2014-02-08 10:01:36.827000
800,"Road-550-W Yellow, 44",713.0798,1120.49,4,2,2012-05-30 00:00:00.000000,,,0a7028fb-ff06-4d38-aaa1-b64816278165,2014-02-08 10:01:36.827000
801,"Road-550-W Yellow, 48",713.0798,1120.49,4,2,2012-05-30 00:00:00.000000,,,c90cc877-804c-4ce7-afc3-4c8791a13dfb,2014-02-08 10:01:36.827000
802,LL Fork,65.8097,148.22,1,10,2012-05-30 00:00:00.000000,2013-05-29 00:00:00.000000,,fb8502be-07eb-4134-ab06-c3a9959a52ae,2014-02-08 10:01:36.827000
803,ML Fork,77.9176,175.49,1,10,2012-05-30 00:00:00.000000,2013-05-29 00:00:00.000000,,f5fa4e2f-b976-48a4-bf79-85632f697d2e,2014-02-08 10:01:36.827000
804,HL Fork,101.8936,229.49,1,10,2012-05-30 00:00:00.000000,2013-05-29 00:00:00.000000,,553229b3-1ad9-4a71-a21c-2af4332cfce9,2014-02-08 10:01:36.827000
805,LL Headset,15.1848,34.2,1,11,2012-05-30 00:00:00.000000,2013-05-29 00:00:00.000000,,bb6bd7b3-a34d-4d64-822e-781fa6838e19,2014-02-08 10:01:36.827000
806,ML Headset,45.4168,102.29,1,11,2012-05-30 00:00:00.000000,2013-05-29 00:00:00.000000,,23b5d52b-8c29-4059-b899-75c53b5ee2e6,2014-02-08 10:01:36.827000
807,HL Headset,55.3801,124.73,1,11,2012-05-30 00:00:00.000000,2013-05-29 00:00:00.000000,,12e4d5e8-79ed-4bcb-a532-6275d1a93417,2014-02-08 10:01:36.827000
808,LL Mountain Handlebars,19.7758,44.54,1,4,2012-05-30 00:00:00.000000,,,b59b7bf2-7afc-4a74-b063-f942f1e0da19,2014-02-08 10:01:36.827000
809,ML Mountain Handlebars,27.4925,61.92,1,4,2012-05-30 00:00:00.000000,,,ae6020df-d9c9-4d34-9795-1f80e6bbf5a5,2014-02-08 10:01:36.827000
810,HL Mountain Handlebars,53.3999,120.27,1,4,2012-05-30 00:00:00.000000,,,6aa0f921-0f09-4f99-8d3c-335946873553,2014-02-08 10:01:36.827000
811,LL Road Handlebars,19.7758,44.54,1,4,2012-05-30 00:00:00.000000,,,acdae407-b40e-435e-8e84-1bfc33013e81,2014-02-08 10:01:36.827000
812,ML Road Handlebars,27.4925,61.92,1,4,2012-05-30 00:00:00.000000,,,33fa1a03-38d6-405e-be9b-eea92f3d204f,2014-02-08 10:01:36.827000
813,HL Road Handlebars,53.3999,120.27,1,4,2012-05-30 00:00:00.000000,,,5c5327b9-ad2e-4c33-8d74-edf49e0c2dd8,2014-02-08 10:01:36.827000
814,"ML Mountain Frame - Black, 38",185.8193,348.76,2,12,2012-05-30 00:00:00.000000,2013-05-29 00:00:00.000000,,0d879312-a7d3-441d-9d23-b6550bab3814,2014-02-08 10:01:36.827000
815,LL Mountain Front Wheel,26.9708,60.745,1,17,2012-05-30 00:00:00.000000,2013-05-29 00:00:00.000000,,d7b1d161-182e-44f6-a9ff-9c1eba76613b,2014-02-08 10:01:36.827000
816,ML Mountain Front Wheel,92.8071,209.025,1,17,2012-05-30 00:00:00.000000,2013-05-29 00:00:00.000000,,5e3e5033-9a77-4dca-8b7f-dfed78efa08a,2014-02-08 10:01:36.827000
817,HL Mountain Front Wheel,133.2955,300.215,1,17,2012-05-30 00:00:00.000000,2013-05-29 00:00:00.000000,,3c8ffff6-a8dc-45a3-963b-a6284ced7596,2014-02-08 10:01:36.827000
818,LL Road Front Wheel,37.9909,85.565,1,17,2012-05-30 00:00:00.000000,2013-05-29 00:00:00.000000,,9e66de78-decb-438a-b9a9-023c773c60a2,2014-02-08 10:01:36.827000
819,ML Road Front Wheel,110.2829,248.385,1,17,2012-05-30 00:00:00.000000,2013-05-29 00:00:00.000000,,6ea94fbf-b9aa-43fc-84e8-91d508dde751,2014-02-08 10:01:36.827000
820,HL Road Front Wheel,146.5466,330.06,1,17,2012-05-30 00:00:00.000000,2013-05-29 00:00:00.000000,,727a3cd5-8d40-4884-a7e4-dfd3ffdeb164,2014-02-08 10:01:36.827000
821,Touring Front Wheel,96.7964,218.01,1,17,2012-05-30 00:00:00.000000,2013-05-29 00:00:00.000000,,8d1cdb07-4fa1-4ac1-840f-a16c3dca5009,2014-02-08 10:01:36.827000
822,"ML Road Frame-W - Yellow, 38",360.9428,594.83,2,14,2012-05-30 00:00:00.000000,,,22976fa7-0ad0-40f9-b4f9-ba10279ea1a3,2014-02-08 10:01:36.827000
823,LL Mountain Rear Wheel,38.9588,87.745,1,17,2012-05-30 00:00:00.000000,2013-05-29 00:00:00.000000,,e6c39f58-995f-4786-a309-df3812d8b30f,2014-02-08 10:01:36.827000
824,ML Mountain Rear Wheel,104.7951,236.025,1,17,2012-05-30 00:00:00.000000,2013-05-29 00:00:00.000000,,b2f7cf9b-a7bf-49ab-9cca-9f6e791cd693,2014-02-08 10:01:36.827000
825,HL Mountain Rear Wheel,145.2835,327.215,1,17,2012-05-30 00:00:00.000000,2013-05-29 00:00:00.000000,,35d02edc-1120-41fb-b5df-8655a93b3353,2014-02-08 10:01:36.827000
826,LL Road Rear Wheel,49.9789,112.565,1,17,2012-05-30 00:00:00.000000,2013-05-29 00:00:00.000000,,78d01117-8dcd-465f-9dc7-94a2cdc35582,2014-02-08 10:01:36.827000
827,ML Road Rear Wheel,122.2709,275.385,1,17,2012-05-30 00:00:00.000000,2013-05-29 00:00:00.000000,,cf739f9a-0af0-4810-b229-c431a31d7779,2014-02-08 10:01:36.827000
828,HL Road Rear Wheel,158.5346,357.06,1,17,2012-05-30 00:00:00.000000,2013-05-29 00:00:00.000000,,8f262a37-43aa-4ad5-ae1f-8bd6967d8e9b,2014-02-08 10:01:36.827000
829,Touring Rear Wheel,108.7844,245.01,1,17,2012-05-30 00:00:00.000000,2013-05-29 00:00:00.000000,,30d2254d-e26d-4586-b4c5-e8ccb8a059b8,2014-02-08 10:01:36.827000
830,"ML Mountain Frame - Black, 40",185.8193,348.76,1,12,2012-05-30 00:00:00.000000,2013-05-29 00:00:00.000000,,aed1c9c4-c139-45d2-b38e-0a0a9f518665,2014-02-08 10:01:36.827000
831,"ML Mountain Frame - Black, 44",185.8193,348.76,1,12,2012-05-30 00:00:00.000000,2013-05-29 00:00:00.000000,,3f2135d4-ec5f-4e30-bde8-5444518f0637,2014-02-08 10:01:36.827000
832,"ML Mountain Frame - Black, 48",185.8193,348.76,1,12,2012-05-30 00:00:00.000000,2013-05-29 00:00:00.000000,,c2009b69-f15a-47ec-b710-1809d299318a,2014-02-08 10:01:36.827000
833,"ML Road Frame-W - Yellow, 40",360.9428,594.83,1,14,2012-05-30 00:00:00.000000,,,22df26f2-60bc-493e-a14a-5500633e9f7e,2014-02-08 10:01:36.827000
834,"ML Road Frame-W - Yellow, 42",360.9428,594.83,1,14,2012-05-30 00:00:00.000000,,,207b54da-5404-415d-8578-9a45082e3bf1,2014-02-08 10:01:36.827000
835,"ML Road Frame-W - Yellow, 44",360.9428,594.83,1,14,2012-05-30 00:00:00.000000,,,a0fad492-ac24-4fcf-8d2a-d21d06386ae1,2014-02-08 10:01:36.827000
836,"ML Road Frame-W - Yellow, 48",360.9428,594.83,1,14,2012-05-30 00:00:00.000000,,,8487bfe0-2138-471e-9c6d-fdb3a67e7d86,2014-02-08 10:01:36.827000
837,"HL Road Frame - Black, 62",868.6342,1431.5,1,14,2012-05-30 00:00:00.000000,,,5dce9c8c-fb94-46f8-b826-11658f6a3682,2014-02-08 10:01:36.827000
838,"HL Road Frame - Black, 44",868.6342,1431.5,1,14,2012-05-30 00:00:00.000000,,,e4902656-a4bc-4b08-9d47-4f3da0fd76c3,2014-02-08 10:01:36.827000
839,"HL Road Frame - Black, 48",868.6342,1431.5,1,14,2012-05-30 00:00:00.000000,,,557b603b-407b-41a4-ae34-4f7747866dba,2014-02-08 10:01:36.827000
840,"HL Road Frame - Black, 52",868.6342,1431.5,1,14,2012-05-30 00:00:00.000000,,,0ed082b3-fbba-43af-9149-8741b9fc78c8,2014-02-08 10:01:36.827000
841,"Men's Sports Shorts, S",24.7459,59.99,0,22,2012-05-30 00:00:00.000000,2013-05-29 00:00:00.000000,,34b08c1f-99d1-43c4-8ef7-2cd754b6665d,2014-02-08 10:01:36.827000
842,"Touring-Panniers, Large",51.5625,125,0,35,2012-05-30 00:00:00.000000,2013-05-29 00:00:00.000000,,56334fff-91d4-495e-bf98-933bc1010f23,2014-02-08 10:01:36.827000
843,Cable Lock,10.3125,25,0,34,2012-05-30 00:00:00.000000,2013-05-29 00:00:00.000000,,56ffd7b9-1014-4640-b1bd-b2649589b4d7,2014-02-08 10:01:36.827000
844,Minipump,8.2459,19.99,0,36,2012-05-30 00:00:00.000000,2013-05-29 00:00:00.000000,,aaf7a076-9ee3-46bf-a69f-414d847e858b,2014-02-08 10:01:36.827000
845,Mountain Pump,10.3084,24.99,0,36,2012-05-30 00:00:00.000000,2013-05-29 00:00:00.000000,,57169f80-fafb-4678-8f51-fe1f131d0c83,2014-02-08 10:01:36.827000
846,Taillights - Battery-Powered,5.7709,13.99,0,33,2012-05-30 00:00:00.000000,2013-05-29 00:00:00.000000,,3c617b87-50a5-434c-a0d3-22314b7027ee,2014-02-08 10:01:36.827000
847,Headlights - Dual-Beam,14.4334,34.99,0,33,2012-05-30 00:00:00.000000,2013-05-29 00:00:00.000000,,417db6cb-f38f-4b0d-87e7-e1ebf7456c3a,2014-02-08 10:01:36.827000
848,Headlights - Weatherproof,18.5584,44.99,0,33,2012-05-30 00:00:00.000000,2013-05-29 00:00:00.000000,,fc362c1a-4b9c-4d5f-a6d3-0775846c61f0,2014-02-08 10:01:36.827000
849,"Men's Sports Shorts, M",24.7459,59.99,0,22,2012-05-30 00:00:00.000000,2013-05-29 00:00:00.000000,,db37b435-74b9-43d3-b363-abbead107bc4,2014-02-08 10:01:36.827000
850,"Men's Sports Shorts, L",24.7459,59.99,0,22,2012-05-30 00:00:00.000000,2013-05-29 00:00:00.000000,,714184c5-669b-4cf1-a802-30e7b1ea7722,2014-02-08 10:01:36.827000
851,"Men's Sports Shorts, XL",24.7459,59.99,0,22,2012-05-30 00:00:00.000000,2013-05-29 00:00:00.000000,,bd3ffe40-fe2e-44cb-a4e0-81786c3a751f,2014-02-08 10:01:36.827000
852,"Women's Tights, S",30.9334,74.99,0,24,2012-05-30 00:00:00.000000,2013-05-29 00:00:00.000000,,7de86c98-4f5b-4155-8572-c977f14ebaeb,2014-02-08 10:01:36.827000
853,"Women's Tights, M",30.9334,74.99,0,24,2012-05-30 00:00:00.000000,2013-05-29 00:00:00.000000,,4d8e186c-b8c9-4c64-b411-4995dd87e316,2014-02-08 10:01:36.827000
854,"Women's Tights, L",30.9334,74.99,0,24,2012-05-30 00:00:00.000000,2013-05-29 00:00:00.000000,,e378c2f3-54f6-4ea9-b049-e8bb32b5bdfd,2014-02-08 10:01:36.827000
855,"Men's Bib-Shorts, S",37.1209,89.99,0,18,2012-05-30 00:00:00.000000,2013-05-29 00:00:00.000000,,9f60af1e-4c11-4e90-baea-48e834e8b4c2,2014-02-08 10:01:36.827000
856,"Men's Bib-Shorts, M",37.1209,89.99,0,18,2012-05-30 00:00:00.000000,2013-05-29 00:00:00.000000,,e0cbec04-f4fc-450f-9780-f8ea7691febd,2014-02-08 10:01:36.827000
857,"Men's Bib-Shorts, L",37.1209,89.99,0,18,2012-05-30 00:00:00.000000,2013-05-29 00:00:00.000000,,e1df75a4-9986-489e-a5de-ad3da824eb5e,2014-02-08 10:01:36.827000
858,"Half-Finger Gloves, S",9.1593,24.49,0,20,2012-05-30 00:00:00.000000,,,9e1db5c3-539d-4061-9433-d762dc195cd8,2014-02-08 10:01:36.827000
859,"Half-Finger Gloves, M",9.1593,24.49,0,20,2012-05-30 00:00:00.000000,,,9d458fd5-392d-4ab1-afef-6a5548e48858,2014-02-08 10:01:36.827000
860,"Half-Finger Gloves, L",9.1593,24.49,0,20,2012-05-30 00:00:00.000000,,,fa710215-925f-4959-81df-538e72a6a255,2014-02-08 10:01:36.827000
861,"Full-Finger Gloves, S",15.6709,37.99,0,20,2012-05-30 00:00:00.000000,2013-05-29 00:00:00.000000,,76fac097-1fb3-456b-8fb9-2c7a613771b4,2014-02-08 10:01:36.827000
862,"Full-Finger Gloves, M",15.6709,37.99,0,20,2012-05-30 00:00:00.000000,2013-05-29 00:00:00.000000,,1084221e-1890-443e-9d87-afcad6358355,2014-02-08 10:01:36.827000
863,"Full-Finger Gloves, L",15.6709,37.99,0,20,2012-05-30 00:00:00.000000,2013-05-29 00:00:00.000000,,6116f9d4-8a1d-4022-a642-9c445c197203,2014-02-08 10:01:36.827000
864,"Classic Vest, S",23.749,63.5,0,25,2013-05-30 00:00:00.000000,,,eb423ef3-409d-46fe-b35b-d69970820314,2014-02-08 10:01:36.827000
865,"Classic Vest, M",23.749,63.5,0,25,2013-05-30 00:00:00.000000,,,2e52f96e-64a1-4069-911c-e3fd6e094a1e,2014-02-08 10:01:36.827000
866,"Classic Vest, L",23.749,63.5,0,25,2013-05-30 00:00:00.000000,,,3211f5a8-b6c4-48bd-9aa4-d69cb40d97dd,2014-02-08 10:01:36.827000
867,"Women's Mountain Shorts, S",26.1763,69.99,0,22,2013-05-30 00:00:00.000000,,,22616fd2-b99f-4f7d-acf6-33dff66d42d2,2014-02-08 10:01:36.827000
868,"Women's Mountain Shorts, M",26.1763,69.99,0,22,2013-05-30 00:00:00.000000,,,968e3610-e583-42e8-8ab6-484a799b1774,2014-02-08 10:01:36.827000
869,"Women's Mountain Shorts, L",26.1763,69.99,0,22,2013-05-30 00:00:00.000000,,,1a66b244-5ca0-4153-b539-ae048d14faec,2014-02-08 10:01:36.827000
870,Water Bottle - 30 oz.,1.8663,4.99,0,28,2013-05-30 00:00:00.000000,,,834e8d1a-69a7-4c42-8b68-fa08d9ec9e5b,2014-02-08 10:01:36.827000
871,Mountain Bottle Cage,3.7363,9.99,0,28,2013-05-30 00:00:00.000000,,,684491de-63f8-4632-90e3-36773c4e63bd,2014-02-08 10:01:36.827000
872,Road Bottle Cage,3.3623,8.99,0,28,2013-05-30 00:00:00.000000,,,601b1fe8-d4d0-4cfb-9379-29481cc05291,2014-02-08 10:01:36.827000
873,Patch Kit/8 Patches,0.8565,2.29,0,37,2013-05-30 00:00:00.000000,,,36e638e4-68df-411b-930a-daad57221aa6,2014-02-08 10:01:36.827000
874,"Racing Socks, M",3.3623,8.99,0,23,2013-05-30 00:00:00.000000,,,b9c7eb0a-1dd1-4a1d-b4c3-1dad83a8ea7e,2014-02-08 10:01:36.827000
875,"Racing Socks, L",3.3623,8.99,0,23,2013-05-30 00:00:00.000000,,,c0a16305-74b7-4fae-b5c9-3e8bd0e44762,2014-02-08 10:01:36.827000
876,Hitch Rack - 4-Bike,44.88,120,0,26,2013-05-30 00:00:00.000000,,,7a0c4bbd-9679-4f59-9ebc-9daf3439a38a,2014-02-08 10:01:36.827000
877,Bike Wash - Dissolver,2.9733,7.95,0,29,2013-05-30 00:00:00.000000,,,3c40b5ad-e328-4715-88a7-ec3220f02acf,2014-02-08 10:01:36.827000
878,Fender Set - Mountain,8.2205,21.98,0,30,2013-05-30 00:00:00.000000,,,e6e76c7f-c145-4cad-a9e8-b1e4e845a2c0,2014-02-08 10:01:36.827000
879,All-Purpose Bike Stand,59.466,159,0,27,2013-05-30 00:00:00.000000,,,c7bb564b-a637-40f5-b21b-cbf7e4f713be,2014-02-08 10:01:36.827000
880,Hydration Pack - 70 oz.,20.5663,54.99,0,32,2013-05-30 00:00:00.000000,,,a99d90c0-05e2-4e44-ad90-c55c9f0784de,2014-02-08 10:01:36.827000
881,"Short-Sleeve Classic Jersey, S",41.5723,53.99,0,21,2013-05-30 00:00:00.000000,,,05b2e20f-2399-4cb3-9b49-b28d6649c104,2014-02-08 10:01:36.827000
882,"Short-Sleeve Classic Jersey, M",41.5723,53.99,0,21,2013-05-30 00:00:00.000000,,,bbbf003b-367d-4d71-af71-10f50b6234a0,2014-02-08 10:01:36.827000
883,"Short-Sleeve Classic Jersey, L",41.5723,53.99,0,21,2013-05-30 00:00:00.000000,,,2d9f59b8-9f24-46eb-98ad-553e48bb9db9,2014-02-08 10:01:36.827000
884,"Short-Sleeve Classic Jersey, XL",41.5723,53.99,0,21,2013-05-30 00:00:00.000000,,,906d42f6-c21f-4d20-b528-02ffdb55fd1e,2014-02-08 10:01:36.827000
885,"HL Touring Frame - Yellow, 60",601.7437,1003.91,1,16,2013-05-30 00:00:00.000000,,,c49679bd-96a9-4176-a7ed-5bc6d6444647,2014-02-08 10:01:36.827000
886,"LL Touring Frame - Yellow, 62",199.8519,333.42,1,16,2013-05-30 00:00:00.000000,,,8d4d52a6-8abc-4c05-be4d-c067faf1a64e,2014-02-08 10:01:36.827000
887,"HL Touring Frame - Yellow, 46",601.7437,1003.91,1,16,2013-05-30 00:00:00.000000,,,137675a7-34cd-4b7a-abe1-4e0eeb79b65d,2014-02-08 10:01:36.827000
888,"HL Touring Frame - Yellow, 50",601.7437,1003.91,1,16,2013-05-30 00:00:00.000000,,,105ec6e5-30c5-4fe3-a08b-cb324c85323d,2014-02-08 10:01:36.827000
889,"HL Touring Frame - Yellow, 54",601.7437,1003.91,1,16,2013-05-30 00:00:00.000000,,,12b1f317-c39b-48d0-b1a7-8018c60aea53,2014-02-08 10:01:36.827000
890,"HL Touring Frame - Blue, 46",601.7437,1003.91,1,16,2013-05-30 00:00:00.000000,,,8bbd3437-a58b-41a0-9503-fc14b23e7678,2014-02-08 10:01:36.827000
891,"HL Touring Frame - Blue, 50",601.7437,1003.91,1,16,2013-05-30 00:00:00.000000,,,c4244f0c-abce-451b-a895-83c0e6d1f448,2014-02-08 10:01:36.827000
892,"HL Touring Frame - Blue, 54",601.7437,1003.91,1,16,2013-05-30 00:00:00.000000,,,e9aae947-6bc3-4909-8937-3e1cdcec8a8f,2014-02-08 10:01:36.827000
893,"HL Touring Frame - Blue, 60",601.7437,1003.91,1,16,2013-05-30 00:00:00.000000,,,b01951a4-a581-4d10-9dc2-515da180f1b8,2014-02-08 10:01:36.827000
894,Rear Derailleur,53.9282,121.46,1,9,2013-05-30 00:00:00.000000,,,5ebfcf02-4e3e-443a-ad60-5aeef28dac76,2014-02-08 10:01:36.827000
895,"LL Touring Frame - Blue, 50",199.8519,333.42,1,16,2013-05-30 00:00:00.000000,,,b78eccca-fa88-4071-9110-410585127e46,2014-02-08 10:01:36.827000
896,"LL Touring Frame - Blue, 54",199.8519,333.42,1,16,2013-05-30 00:00:00.000000,,,0ff799c9-dd11-4b81-aaf7-65410017405b,2014-02-08 10:01:36.827000
897,"LL Touring Frame - Blue, 58",199.8519,333.42,1,16,2013-05-30 00:00:00.000000,,,ccd4fa47-7194-4bd0-909b-1fa4bd7916a7,2014-02-08 10:01:36.827000
898,"LL Touring Frame - Blue, 62",199.8519,333.42,1,16,2013-05-30 00:00:00.000000,,,08a211a5-dcd2-42d0-9276-64d92d4890a6,2014-02-08 10:01:36.827000
899,"LL Touring Frame - Yellow, 44",199.8519,333.42,1,16,2013-05-30 00:00:00.000000,,,109cb7bc-6ec6-4a36-85c8-55b843b2ab12,2014-02-08 10:01:36.827000
900,"LL Touring Frame - Yellow, 50",199.8519,333.42,1,16,2013-05-30 00:00:00.000000,,,285fd682-c647-49d1-b8f3-368a43c9cda0,2014-02-08 10:01:36.827000
901,"LL Touring Frame - Yellow, 54",199.8519,333.42,1,16,2013-05-30 00:00:00.000000,,,2536e3b2-d4da-49e6-965a-f612c2c8914f,2014-02-08 10:01:36.827000
902,"LL Touring Frame - Yellow, 58",199.8519,333.42,1,16,2013-05-30 00:00:00.000000,,,5d17ff1c-f50e-438f-a4e9-7c400fb762e7,2014-02-08 10:01:36.827000
903,"LL Touring Frame - Blue, 44",199.8519,333.42,1,16,2013-05-30 00:00:00.000000,,,e9c17be7-f4dc-465e-ab73-c0198f37bfdd,2014-02-08 10:01:36.827000
904,"ML Mountain Frame-W - Silver, 40",199.3757,364.09,1,12,2013-05-30 00:00:00.000000,,,a7dde43e-f7d5-4075-a0c1-c866ad7aa154,2014-02-08 10:01:36.827000
905,"ML Mountain Frame-W - Silver, 42",199.3757,364.09,1,12,2013-05-30 00:00:00.000000,,,d4a2fcad-1e63-4ebd-863c-5a7c48d5b8d9,2014-02-08 10:01:36.827000
906,"ML Mountain Frame-W - Silver, 46",199.3757,364.09,1,12,2013-05-30 00:00:00.000000,,,82025c63-7b28-412d-92c1-408e0e6ae646,2014-02-08 10:01:36.827000
907,Rear Brakes,47.286,106.5,1,6,2013-05-30 00:00:00.000000,,,5946f163-93f0-4141-b17e-55d9778cc274,2014-02-08 10:01:36.827000
908,LL Mountain Seat/Saddle,12.0413,27.12,1,15,2013-05-30 00:00:00.000000,,,4dab53c5-31e7-47d6-a5a0-940f8d4dad22,2014-02-08 10:01:36.827000
909,ML Mountain Seat/Saddle,17.3782,39.14,1,15,2013-05-30 00:00:00.000000,,,30222244-0fd8-4d28-8448-f2e658bf52bd,2014-02-08 10:01:36.827000
910,HL Mountain Seat/Saddle,23.3722,52.64,1,15,2013-05-30 00:00:00.000000,,,a96a5024-87de-488a-bf81-bc0c81f6cd18,2014-02-08 10:01:36.827000
911,LL Road Seat/Saddle,12.0413,27.12,1,15,2013-05-30 00:00:00.000000,,,31b9bc62-792b-4e7a-a24d-411dc76e0271,2014-02-08 10:01:36.827000
912,ML Road Seat/Saddle,17.3782,39.14,1,15,2013-05-30 00:00:00.000000,,,49845afe-a8cc-4354-a5d4-09d35bf7fb9e,2014-02-08 10:01:36.827000
913,HL Road Seat/Saddle,23.3722,52.64,1,15,2013-05-30 00:00:00.000000,,,2befe629-4b2a-41a1-a009-df13ead69105,2014-02-08 10:01:36.827000
914,LL Touring Seat/Saddle,12.0413,27.12,1,15,2013-05-30 00:00:00.000000,,,7874a1d6-7a5b-412f-a2eb-c2f457b9603d,2014-02-08 10:01:36.827000
915,ML Touring Seat/Saddle,17.3782,39.14,1,15,2013-05-30 00:00:00.000000,,,072acb72-7796-4bd0-9bbb-6efc29ac336c,2014-02-08 10:01:36.827000
916,HL Touring Seat/Saddle,23.3722,52.64,1,15,2013-05-30 00:00:00.000000,,,0e158724-934d-4a64-991f-94fec00bdea8,2014-02-08 10:01:36.827000
917,"LL Mountain Frame - Silver, 42",144.5938,264.05,1,12,2013-05-30 00:00:00.000000,,,37bd4d2b-346b-4c6b-8f3f-85c084282529,2014-02-08 10:01:36.827000
918,"LL Mountain Frame - Silver, 44",144.5938,264.05,1,12,2013-05-30 00:00:00.000000,,,393a4d00-7428-41f0-a48a-af26b00e9a9c,2014-02-08 10:01:36.827000
919,"LL Mountain Frame - Silver, 48",144.5938,264.05,1,12,2013-05-30 00:00:00.000000,,,8dfef6f2-91a8-4884-8949-b2551218b37a,2014-02-08 10:01:36.827000
920,"LL Mountain Frame - Silver, 52",144.5938,264.05,1,12,2013-05-30 00:00:00.000000,,,f230baac-5951-4eb1-b1e8-94c2ca2b37fa,2014-02-08 10:01:36.827000
921,Mountain Tire Tube,1.8663,4.99,0,37,2013-05-30 00:00:00.000000,,,01a8c3fc-ed52-458e-a634-d5b6e2accfed,2014-02-08 10:01:36.827000
922,Road Tire Tube,1.4923,3.99,0,37,2013-05-30 00:00:00.000000,,,ea442bd7-f69b-42d9-aa71-95e10b648f52,2014-02-08 10:01:36.827000
923,Touring Tire Tube,1.8663,4.99,0,37,2013-05-30 00:00:00.000000,,,179fec38-cab5-4a47-bcff-31cfc9e43a3c,2014-02-08 10:01:36.827000
924,"LL Mountain Frame - Black, 42",136.785,249.79,1,12,2013-05-30 00:00:00.000000,,,faabd7fb-cb35-4bad-8857-ec71468686ad,2014-02-08 10:01:36.827000
925,"LL Mountain Frame - Black, 44",136.785,249.79,1,12,2013-05-30 00:00:00.000000,,,47ab0300-7b55-4d35-a786-80190976b9b5,2014-02-08 10:01:36.827000
926,"LL Mountain Frame - Black, 48",136.785,249.79,1,12,2013-05-30 00:00:00.000000,,,408435aa-15c0-41e5-981f-32a8226af15f,2014-02-08 10:01:36.827000
927,"LL Mountain Frame - Black, 52",136.785,249.79,1,12,2013-05-30 00:00:00.000000,,,4800f4e6-99ea-4afd-a392-2cb05265d0d4,2014-02-08 10:01:36.827000
928,LL Mountain Tire,9.3463,24.99,0,37,2013-05-30 00:00:00.000000,,,76060a93-949c-48ea-9b31-a593d6c14983,2014-02-08 10:01:36.827000
929,ML Mountain Tire,11.2163,29.99,0,37,2013-05-30 00:00:00.000000,,,daff9e11-6254-432d-8c4f-f06e52687184,2014-02-08 10:01:36.827000
930,HL Mountain Tire,13.09,35,0,37,2013-05-30 00:00:00.000000,,,ddad25f5-0445-4b5c-8466-6446930ad8b8,2014-02-08 10:01:36.827000
931,LL Road Tire,8.0373,21.49,0,37,2013-05-30 00:00:00.000000,,,15b569a6-d172-42c2-a420-62ab5946cc80,2014-02-08 10:01:36.827000
932,ML Road Tire,9.3463,24.99,0,37,2013-05-30 00:00:00.000000,,,d1016cc5-c12b-4f05-915c-70fa062e4a64,2014-02-08 10:01:36.827000
933,HL Road Tire,12.1924,32.6,0,37,2013-05-30 00:00:00.000000,,,c86de56a-5048-4b89-b7c7-56bc75c9bcee,2014-02-08 10:01:36.827000
934,Touring Tire,10.8423,28.99,0,37,2013-05-30 00:00:00.000000,,,9d5ca300-5302-41e1-bca5-8ce5b93f26a5,2014-02-08 10:01:36.827000
935,LL Mountain Pedal,17.9776,40.49,1,13,2013-05-30 00:00:00.000000,,,9fdd0c65-b2b0-4c6c-8704-3a9747be5174,2014-02-08 10:01:36.827000
936,ML Mountain Pedal,27.568,62.09,1,13,2013-05-30 00:00:00.000000,,,274c86dc-439e-4469-9de8-7e9bd6455d0d,2014-02-08 10:01:36.827000
937,HL Mountain Pedal,35.9596,80.99,1,13,2013-05-30 00:00:00.000000,,,a05464e8-6b4d-42b3-a4d6-8683136f4b66,2014-02-08 10:01:36.827000
938,LL Road Pedal,17.9776,40.49,1,13,2013-05-30 00:00:00.000000,,,2c7dd8c3-4c55-475f-ba58-f4baca520d72,2014-02-08 10:01:36.827000
939,ML Road Pedal,27.568,62.09,1,13,2013-05-30 00:00:00.000000,,,216ad46f-bc3f-4862-b0e9-2e261e5a6059,2014-02-08 10:01:36.827000
940,HL Road Pedal,35.9596,80.99,1,13,2013-05-30 00:00:00.000000,,,44e96967-ab99-41ed-8b41-5bc70a5ca1a9,2014-02-08 10:03:55.510000
941,Touring Pedal,35.9596,80.99,1,13,2013-05-30 00:00:00.000000,,,6967c816-3ebb-45fa-8547-cef00e08573e,2014-02-08 10:01:36.827000
942,"ML Mountain Frame-W - Silver, 38",199.3757,364.09,2,12,2013-05-30 00:00:00.000000,,,ba3646b0-1487-426e-ab4e-57d42e6f9233,2014-02-08 10:01:36.827000
943,"LL Mountain Frame - Black, 40",136.785,249.79,2,12,2013-05-30 00:00:00.000000,,,3050e4df-2bba-4c2b-bdcc-b4c89972db1c,2014-02-08 10:01:36.827000
944,"LL Mountain Frame - Silver, 40",144.5938,264.05,2,12,2013-05-30 00:00:00.000000,,,756f862e-40cc-4dfc-b189-716d0dda5ff9,2014-02-08 10:01:36.827000
945,Front Derailleur,40.6216,91.49,1,9,2013-05-30 00:00:00.000000,,,448e9e7b-9548-4a4c-abb3-853686aa7517,2014-02-08 10:01:36.827000
946,LL Touring Handlebars,20.464,46.09,1,4,2013-05-30 00:00:00.000000,,,a2f1352e-45d0-42c4-aef3-60033073bb66,2014-02-08 10:01:36.827000
947,HL Touring Handlebars,40.6571,91.57,1,4,2013-05-30 00:00:00.000000,,,cb524e92-4fa8-4f6c-9993-60796856c654,2014-02-08 10:01:36.827000
948,Front Brakes,47.286,106.5,1,6,2013-05-30 00:00:00.000000,,,c1813164-1b4b-42d1-9007-4e5f9aee0e19,2014-02-08 10:01:36.827000
949,LL Crankset,77.9176,175.49,1,8,2013-05-30 00:00:00.000000,,,41d47371-4374-46d3-8d61-b07616ec54f0,2014-02-08 10:01:36.827000
950,ML Crankset,113.8816,256.49,1,8,2013-05-30 00:00:00.000000,,,d3a7a02c-a3d5-4a04-9454-0c4e43772b78,2014-02-08 10:01:36.827000
951,HL Crankset,179.8156,404.99,1,8,2013-05-30 00:00:00.000000,,,2c4a8956-7b72-48fe-b028-699e117b1daa,2014-02-08 10:01:36.827000
952,Chain,8.9866,20.24,1,7,2013-05-30 00:00:00.000000,,,5d27e2a5-27ec-4ccb-ba2c-fc980ffe6708,2014-02-08 10:01:36.827000
953,"Touring-2000 Blue, 60",755.1508,1214.85,4,3,2013-05-30 00:00:00.000000,,,f1bb3957-8d27-47f3-91ec-c71822d11436,2014-02-08 10:01:36.827000
954,"Touring-1000 Yellow, 46",1481.9379,2384.07,4,3,2013-05-30 00:00:00.000000,,,83b77413-8c8a-4af1-93e4-136edb7ff15f,2014-02-08 10:01:36.827000
955,"Touring-1000 Yellow, 50",1481.9379,2384.07,4,3,2013-05-30 00:00:00.000000,,,5ec991ad-8761-4a61-a318-312df3a78604,2014-02-08 10:01:36.827000
956,"Touring-1000 Yellow, 54",1481.9379,2384.07,4,3,2013-05-30 00:00:00.000000,,,1220b0f0-064d-46b7-8507-1fa758b77b9c,2014-02-08 10:01:36.827000
957,"Touring-1000 Yellow, 60",1481.9379,2384.07,4,3,2013-05-30 00:00:00.000000,,,bcd1a5a9-6140-4dc9-9620-689dc7e4c155,2014-02-08 10:01:36.827000
958,"Touring-3000 Blue, 54",461.4448,742.35,4,3,2013-05-30 00:00:00.000000,,,a3ee6897-52fe-42e4-92ec-7a91e7bb905a,2014-02-08 10:01:36.827000
959,"Touring-3000 Blue, 58",461.4448,742.35,4,3,2013-05-30 00:00:00.000000,,,23d89cee-9f44-4f3e-b289-63de6ba2b737,2014-02-08 10:01:36.827000
960,"Touring-3000 Blue, 62",461.4448,742.35,4,3,2013-05-30 00:00:00.000000,,,060192c9-bcd9-4260-b729-d6bcfadfb08e,2014-02-08 10:01:36.827000
961,"Touring-3000 Yellow, 44",461.4448,742.35,4,3,2013-05-30 00:00:00.000000,,,5646c15a-68ad-4234-b328-254706cbccc5,2014-02-08 10:01:36.827000
962,"Touring-3000 Yellow, 50",461.4448,742.35,4,3,2013-05-30 00:00:00.000000,,,df85e805-af87-4fab-a668-c80f2a5b8a69,2014-02-08 10:01:36.827000
963,"Touring-3000 Yellow, 54",461.4448,742.35,4,3,2013-05-30 00:00:00.000000,,,192becd1-f465-4194-88a2-ee57fed3a3c5,2014-02-08 10:01:36.827000
964,"Touring-3000 Yellow, 58",461.4448,742.35,4,3,2013-05-30 00:00:00.000000,,,bed79f64-a53d-44a3-ace8-2baa425a5a54,2014-02-08 10:01:36.827000
965,"Touring-3000 Yellow, 62",461.4448,742.35,4,3,2013-05-30 00:00:00.000000,,,d28b3872-5173-40a4-b12f-655524386cc7,2014-02-08 10:01:36.827000
966,"Touring-1000 Blue, 46",1481.9379,2384.07,4,3,2013-05-30 00:00:00.000000,,,86990d54-6efb-4c53-9974-6c3b0297e222,2014-02-08 10:01:36.827000
967,"Touring-1000 Blue, 50",1481.9379,2384.07,4,3,2013-05-30 00:00:00.000000,,,68c0a818-2985-46eb-8255-0fb70919fa24,2014-02-08 10:01:36.827000
968,"Touring-1000 Blue, 54",1481.9379,2384.07,4,3,2013-05-30 00:00:00.000000,,,12280a8c-7578-4367-ba71-214bcc1e4792,2014-02-08 10:01:36.827000
969,"Touring-1000 Blue, 60",1481.9379,2384.07,4,3,2013-05-30 00:00:00.000000,,,dd70cf36-449a-43fd-839d-a84ee14c849a,2014-02-08 10:01:36.827000
970,"Touring-2000 Blue, 46",755.1508,1214.85,4,3,2013-05-30 00:00:00.000000,,,c0009006-715f-4b76-a05a-1a0d3adfb49a,2014-02-08 10:01:36.827000
971,"Touring-2000 Blue, 50",755.1508,1214.85,4,3,2013-05-30 00:00:00.000000,,,84abda8f-0007-4bca-9a61-b2dea58866c3,2014-02-08 10:01:36.827000
972,"Touring-2000 Blue, 54",755.1508,1214.85,4,3,2013-05-30 00:00:00.000000,,,6dcfe2a3-3555-44e4-9116-6f6dbe448b8b,2014-02-08 10:01:36.827000
973,"Road-350-W Yellow, 40",1082.51,1700.99,4,2,2013-05-30 00:00:00.000000,,,237b16d9-53f2-4fd4-befe-48209e57aec3,2014-02-08 10:01:36.827000
974,"Road-350-W Yellow, 42",1082.51,1700.99,4,2,2013-05-30 00:00:00.000000,,,80bd3f8b-42c7-43d8-91f5-9fb6175287af,2014-02-08 10:01:36.827000
975,"Road-350-W Yellow, 44",1082.51,1700.99,4,2,2013-05-30 00:00:00.000000,,,0c61e8af-003d-4e4b-b5b7-02f01a26be26,2014-02-08 10:01:36.827000
976,"Road-350-W Yellow, 48",1082.51,1700.99,4,2,2013-05-30 00:00:00.000000,,,ec4284dc-85fa-44a8-89ec-77fc9b71720a,2014-02-08 10:01:36.827000
977,"Road-750 Black, 58",343.6496,539.99,4,2,2013-05-30 00:00:00.000000,,,87b81a1a-a5b5-43d2-a20d-0230800490b9,2014-02-08 10:01:36.827000
978,"Touring-3000 Blue, 44",461.4448,742.35,4,3,2013-05-30 00:00:00.000000,,,4f638e15-2ed0-4193-90ce-47da580e01dd,2014-02-08 10:01:36.827000
979,"Touring-3000 Blue, 50",461.4448,742.35,4,3,2013-05-30 00:00:00.000000,,,de305b62-88fc-465b-b23d-d8c0f7e6d361,2014-02-08 10:01:36.827000
980,"Mountain-400-W Silver, 38",419.7784,769.49,4,1,2013-05-30 00:00:00.000000,,,7a927632-99a4-4f24-adce-0062d2d113d9,2014-02-08 10:01:36.827000
981,"Mountain-400-W Silver, 40",419.7784,769.49,4,1,2013-05-30 00:00:00.000000,,,0a72791c-a984-4733-ae4e-2b4373cfd7cd,2014-02-08 10:01:36.827000
982,"Mountain-400-W Silver, 42",419.7784,769.49,4,1,2013-05-30 00:00:00.000000,,,4ea4fe06-aaea-42d4-a9d9-69f6a9a4a042,2014-02-08 10:01:36.827000
983,"Mountain-400-W Silver, 46",419.7784,769.49,4,1,2013-05-30 00:00:00.000000,,,0b0c8ee4-ff2d-438e-9cac-464783b86191,2014-02-08 10:01:36.827000
984,"Mountain-500 Silver, 40",308.2179,564.99,4,1,2013-05-30 00:00:00.000000,,,b96c057b-6416-4851-8d59-bcb37c8e6e51,2014-02-08 10:01:36.827000
985,"Mountain-500 Silver, 42",308.2179,564.99,4,1,2013-05-30 00:00:00.000000,,,b8d1b5d9-8a39-4097-a04a-56e95559b534,2014-02-08 10:01:36.827000
986,"Mountain-500 Silver, 44",308.2179,564.99,4,1,2013-05-30 00:00:00.000000,,,e8cec794-e8e2-4312-96a7-4832e573d3fc,2014-02-08 10:01:36.827000
987,"Mountain-500 Silver, 48",308.2179,564.99,4,1,2013-05-30 00:00:00.000000,,,77ef419f-481f-40b9-bdb9-7e6678e550e3,2014-02-08 10:01:36.827000
988,"Mountain-500 Silver, 52",308.2179,564.99,4,1,2013-05-30 00:00:00.000000,,,cad60945-183e-4ab3-a70c-3f5bac6bf134,2014-02-08 10:01:36.827000
989,"Mountain-500 Black, 40",294.5797,539.99,4,1,2013-05-30 00:00:00.000000,,,28287157-3f06-487b-8531-bee8a37329e4,2014-02-08 10:01:36.827000
990,"Mountain-500 Black, 42",294.5797,539.99,4,1,2013-05-30 00:00:00.000000,,,f5752c9c-56ba-41a7-83fd-139da28c15fa,2014-02-08 10:01:36.827000
991,"Mountain-500 Black, 44",294.5797,539.99,4,1,2013-05-30 00:00:00.000000,,,c7852127-2fb8-4959-b5a3-de5a8d6445e4,2014-02-08 10:01:36.827000
992,"Mountain-500 Black, 48",294.5797,539.99,4,1,2013-05-30 00:00:00.000000,,,75752e26-a3b6-4264-9b06-f23a4fbdc5a7,2014-02-08 10:01:36.827000
993,"Mountain-500 Black, 52",294.5797,539.99,4,1,2013-05-30 00:00:00.000000,,,69ee3b55-e142-4e4f-aed8-af02978fbe87,2014-02-08 10:01:36.827000
994,LL Bottom Bracket,23.9716,53.99,1,5,2013-05-30 00:00:00.000000,,,fa3c65cd-0a22-47e3-bdf6-53f1dc138c43,2014-02-08 10:01:36.827000
995,ML Bottom Bracket,44.9506,101.24,1,5,2013-05-30 00:00:00.000000,,,71ab847f-d091-42d6-b735-7b0c2d82fc84,2014-02-08 10:01:36.827000
996,HL Bottom Bracket,53.9416,121.49,1,5,2013-05-30 00:00:00.000000,,,230c47c5-08b2-4ce3-b706-69c0bdd62965,2014-02-08 10:01:36.827000
997,"Road-750 Black, 44",343.6496,539.99,4,2,2013-05-30 00:00:00.000000,,,44ce4802-409f-43ab-9b27-ca53421805be,2014-02-08 10:01:36.827000
998,"Road-750 Black, 48",343.6496,539.99,4,2,2013-05-30 00:00:00.000000,,,3de9a212-1d49-40b6-b10a-f564d981dbde,2014-02-08 10:01:36.827000
999,"Road-750 Black, 52",343.6496,539.99,4,2,2013-05-30 00:00:00.000000,,,ae638923-2b67-4679-b90e-abbab17dca31,2014-02-08 10:01:36.827000
